row_id,MedInc,HouseAge,AveRooms,AveBedrms,Population,AveOccup,Latitude,Longitude,MedHouseVal
12,3.075,52.0,5.3226,1.0128,1098.0,2.3462,37.85,-122.26,2.135
18,1.9911,50.0,5.3437,1.0859,990.0,2.3628,37.84,-122.26,1.587
48,0.9506,40.0,3.9,1.2188,423.0,2.6438,37.82,-122.26,1.875
51,1.5045,43.0,4.5897,1.1204,1061.0,2.6069,37.82,-122.27,0.938
74,2.483,20.0,6.2782,1.2105,290.0,2.1805,37.81,-122.29,1.375
129,6.0666,30.0,6.4461,1.0087,844.0,2.4606,37.84,-122.2,3.115
134,8.2049,28.0,6.9789,0.9684,463.0,2.4368,37.83,-122.19,3.352
230,4.1739,40.0,4.5106,1.0894,667.0,2.8383,37.79,-122.2,1.696
249,2.0801,44.0,3.3899,1.0384,1700.0,3.4343,37.78,-122.22,1.319
257,1.8039,42.0,3.5437,0.9658,900.0,3.4221,37.77,-122.19,0.923
295,1.871,31.0,5.3628,1.1792,1360.0,3.0088,37.77,-122.17,0.907
308,3.2552,51.0,4.8105,1.0753,1173.0,2.6781,37.77,-122.18,1.201
321,1.9479,26.0,4.2673,0.9802,984.0,3.2475,37.76,-122.19,0.858
335,1.8438,35.0,4.6239,1.156,323.0,2.9633,37.74,-122.18,0.905
385,3.3333,49.0,5.4364,1.0085,576.0,2.4407,37.9,-122.29,2.768
439,2.5682,52.0,4.5,1.1226,218.0,2.0566,37.85,-122.29,1.2
477,2.5417,49.0,4.9565,1.0507,924.0,2.2319,37.86,-122.27,1.827
575,3.1972,20.0,3.546,1.1196,583.0,1.7883,37.75,-122.28,1.0
613,4.6042,51.0,6.6641,1.0254,922.0,2.3461,37.73,-122.14,2.519
619,3.25,46.0,4.9724,1.0805,925.0,2.1264,37.73,-122.17,1.775
624,3.375,45.0,5.3778,1.0889,519.0,3.8444,37.71,-122.18,1.575
644,6.9096,33.0,7.3926,0.9926,686.0,2.5407,37.73,-122.13,3.418
722,3.0962,38.0,4.4475,1.0325,1061.0,2.6525,37.68,-122.1,1.809
723,2.9564,34.0,4.052,0.9934,2479.0,2.7453,37.67,-122.1,1.505
752,3.2417,28.0,4.6987,1.1843,1198.0,1.9199,37.67,-122.07,2.108
763,2.1382,37.0,4.5698,0.9977,1349.0,3.087,37.66,-122.08,1.666
775,4.5417,25.0,5.0659,0.986,1185.0,2.3653,37.65,-122.1,1.944
794,3.3479,30.0,4.7323,1.1258,4065.0,3.6523,37.64,-122.08,1.821
798,3.9338,36.0,4.9125,0.8312,463.0,2.8938,37.64,-122.08,1.827
807,4.7109,35.0,5.92,1.0057,1001.0,2.86,37.62,-122.03,1.987
816,4.2857,35.0,4.8595,0.9676,455.0,2.4595,37.62,-122.04,1.904
821,3.8625,12.0,5.2064,1.0659,3388.0,2.6284,37.63,-122.06,2.089
841,4.235,16.0,5.1155,1.0282,1367.0,3.8507,37.59,-122.08,1.563
845,6.0661,16.0,5.9925,0.8955,1117.0,4.1679,37.58,-122.07,2.47
886,3.1326,17.0,3.8335,1.0269,3386.0,2.5288,37.54,-121.98,2.208
888,8.3996,15.0,7.9468,1.0476,2412.0,3.3782,37.56,-121.94,4.429
913,5.7057,27.0,6.0191,0.965,889.0,2.8312,37.53,-122.01,2.876
926,6.0878,26.0,5.6471,0.902,1105.0,3.0952,37.47,-121.92,2.469
964,6.3373,12.0,6.5933,1.0625,3329.0,2.9305,37.68,-121.89,3.397
998,5.4324,17.0,5.9758,0.9653,2222.0,3.3565,37.69,-121.8,2.155
1011,3.0222,17.0,4.5765,1.2824,1392.0,2.0471,37.68,-121.78,1.725
1057,2.3155,14.0,4.2901,1.1314,1215.0,2.2172,39.76,-121.84,1.023
1086,1.6911,18.0,4.7717,1.023,5022.0,3.2953,39.72,-121.85,0.988
1180,2.4952,14.0,5.7086,1.043,939.0,3.1093,39.47,-121.54,0.539
1190,2.425,17.0,5.4858,1.1019,1970.0,2.9535,39.4,-121.46,0.962
1194,1.9943,27.0,5.1773,1.0,1241.0,2.4721,39.37,-121.67,0.863
1195,1.7552,24.0,4.4185,1.1057,1098.0,4.837,39.35,-121.65,0.864
1239,3.075,13.0,33.9897,6.8247,267.0,2.7526,38.31,-120.27,1.083
1289,3.1728,17.0,6.5243,1.3172,1749.0,2.8301,38.01,-121.79,1.468
1295,4.8194,18.0,6.4233,1.0183,1315.0,3.0092,37.99,-121.81,1.704
1340,2.1417,12.0,4.39,1.0557,943.0,2.7654,38.02,-121.9,1.222
1341,4.6628,16.0,5.4137,0.9439,1696.0,3.526,38.01,-121.9,1.36
1343,4.0972,32.0,4.717,0.8868,663.0,3.1274,38.01,-121.89,0.992
1416,3.2484,16.0,4.3399,1.0339,1447.0,2.0409,38.0,-122.04,0.911
1438,5.1021,27.0,5.7796,0.993,1171.0,2.7169,37.97,-122.0,2.028
1471,5.3794,34.0,6.818,1.0418,1250.0,2.6151,37.97,-122.01,2.062
1476,2.9097,16.0,4.2035,1.0433,1705.0,2.4603,37.96,-122.04,1.063
1479,2.2411,20.0,3.8356,1.1611,578.0,1.9396,37.96,-122.04,1.518
1482,1.837,27.0,4.1525,1.1701,1500.0,2.4077,37.96,-122.04,1.75
1540,6.112,29.0,6.6925,1.0553,1035.0,2.2898,37.86,-122.03,3.906
1593,10.3224,32.0,7.8388,1.0191,2099.0,2.8675,37.9,-122.14,5.0
1640,5.2699,8.0,7.3868,1.0719,3325.0,3.2726,37.98,-121.84,2.042
1741,3.9118,46.0,4.8685,0.9402,819.0,3.2629,37.96,-122.33,1.294
1748,3.375,25.0,4.1942,0.9782,934.0,2.267,37.96,-122.32,1.337
1872,2.4917,27.0,38.8409,9.2727,97.0,2.2045,38.94,-119.93,2.0
1893,1.7188,23.0,4.8687,1.2424,485.0,2.4495,38.92,-120.01,0.961
1911,4.0313,18.0,15.814,3.1163,350.0,2.7132,39.04,-120.16,1.26
1943,4.1843,12.0,6.3301,1.0418,2033.0,2.8315,38.62,-120.91,2.076
1957,2.9844,31.0,5.301,1.0476,1606.0,2.7313,38.73,-120.78,1.279
1981,5.7373,12.0,5.6595,0.9957,731.0,3.1509,38.63,-120.84,2.083
1984,3.4872,18.0,5.4088,1.0009,2697.0,2.4608,38.69,-120.85,1.414
2008,1.8967,52.0,5.0,1.0492,406.0,3.3279,36.74,-119.82,0.438
2017,1.0481,19.0,4.1818,1.0533,1171.0,3.6708,36.72,-119.8,0.485
2049,2.2437,9.0,4.1142,1.0863,678.0,1.7208,36.73,-119.73,0.542
2054,2.1563,36.0,6.0422,1.135,836.0,3.5274,36.69,-119.69,0.883
2055,1.8355,29.0,4.4874,1.1264,836.0,3.0181,36.68,-119.76,0.742
2108,1.8958,39.0,5.0144,1.0115,1098.0,3.1643,36.74,-119.75,0.513
2110,2.5111,49.0,4.8868,0.9644,1290.0,2.7044,36.75,-119.75,0.554
2122,2.4728,18.0,5.3494,1.103,4476.0,2.9564,36.74,-119.71,0.883
2140,2.6726,32.0,5.0051,1.0179,1005.0,2.5638,36.77,-119.75,0.704
2169,3.0938,7.0,4.9666,1.0771,1014.0,2.6067,36.79,-119.87,0.767
2198,7.5,8.0,6.5649,0.9466,1111.0,2.827,36.85,-119.88,2.562
2201,4.8036,11.0,6.1654,1.0543,1101.0,2.7185,36.83,-119.85,1.416
2206,4.2132,2.0,6.2003,1.1239,1730.0,2.6453,36.83,-119.88,0.965
2232,2.8274,12.0,4.7683,1.0122,292.0,1.7805,36.85,-119.78,0.795
2291,2.8994,34.0,5.2952,0.9629,1938.0,2.9954,36.8,-119.78,0.66
2337,5.0864,4.0,6.9643,1.0844,1024.0,3.3247,36.83,-119.67,1.137
2371,2.1182,40.0,3.7937,1.0349,1135.0,3.6032,36.7,-119.56,0.589
2395,3.875,23.0,50.8378,10.2703,64.0,1.7297,37.12,-119.34,1.25
2400,2.2202,13.0,5.4941,1.1309,1385.0,2.7051,36.71,-119.25,1.0
2414,1.767,15.0,4.4369,0.9903,1266.0,4.0971,36.59,-119.43,0.633
2436,2.8287,28.0,4.7143,0.974,919.0,2.9838,36.58,-119.6,0.731
2438,4.0197,17.0,5.8193,0.9924,1330.0,3.3842,36.59,-119.62,0.88
2459,2.5921,20.0,6.0242,1.1453,1466.0,5.0727,36.52,-119.73,0.942
2461,2.8125,29.0,6.0786,1.075,914.0,3.2643,36.46,-119.69,0.792
2462,1.7813,29.0,4.6486,0.9199,1278.0,3.3023,36.43,-119.69,0.579
2491,2.4937,31.0,5.278,0.991,744.0,3.3363,36.65,-120.25,0.66
2527,2.3566,22.0,5.4966,1.1077,1647.0,2.7727,39.53,-122.2,0.71
2534,2.8466,34.0,6.3696,1.0621,958.0,2.9752,39.6,-122.05,0.953
2549,1.9688,43.0,4.7407,0.9938,1169.0,2.4253,40.79,-124.17,0.705
2582,1.1742,25.0,3.4881,1.0211,794.0,2.095,40.86,-124.09,0.75
2585,1.1479,29.0,4.0235,1.1035,990.0,2.3294,40.87,-124.08,1.011
2594,2.5667,12.0,4.7648,0.968,1603.0,3.6598,40.88,-124.06,1.395
2600,1.4911,19.0,5.4954,1.1743,1033.0,3.159,41.11,-123.63,0.592
2607,3.538,21.0,5.0266,1.0598,943.0,3.1329,40.97,-124.01,1.027
2656,1.9417,32.0,7.6471,2.2406,434.0,2.3209,40.28,-124.25,0.761
2670,2.4511,37.0,4.993,1.3169,390.0,2.7465,33.2,-115.6,0.725
2676,3.1979,17.0,5.461,0.9481,473.0,3.0714,32.96,-115.59,1.135
2715,3.6597,10.0,5.4129,1.01,533.0,2.6517,32.81,-115.58,0.875
2763,4.0208,15.0,10.4,2.45,51.0,2.55,32.93,-115.88,0.325
2782,1.2049,17.0,4.3375,1.2062,775.0,2.4219,32.74,-114.66,0.44
2808,2.2727,40.0,4.9954,1.0367,520.0,2.3853,35.42,-119.02,0.672
2813,1.8403,47.0,4.7235,1.1229,913.0,2.5503,35.42,-119.04,0.547
2910,1.8362,36.0,4.7251,1.0073,1051.0,2.5572,35.36,-119.04,0.669
2980,3.4286,34.0,5.8868,1.0494,1375.0,2.8292,35.34,-119.02,0.714
3023,2.8323,40.0,5.3868,1.0505,1998.0,2.5847,35.17,-119.46,0.508
3148,2.3917,10.0,6.5897,1.3565,1167.0,2.6166,35.27,-118.34,0.79
3182,2.2937,25.0,5.1863,1.0708,2414.0,2.512,36.31,-119.79,0.723
3184,2.1681,30.0,5.2443,1.1108,1255.0,3.5653,36.3,-119.78,0.666
3198,3.5486,4.0,6.2083,1.305,1478.0,2.4633,36.37,-119.65,1.48
3230,1.8839,25.0,5.2323,1.051,1460.0,4.136,36.31,-119.61,0.463
3263,2.2188,20.0,5.7398,1.1786,521.0,2.6582,39.14,-122.88,1.063
3273,3.5652,16.0,6.192,1.18,605.0,2.42,39.05,-122.92,1.19
3318,2.5326,20.0,6.2925,1.2925,647.0,2.5573,39.05,-122.86,1.368
3331,2.1953,15.0,5.1648,1.2051,599.0,2.1941,38.92,-122.59,0.75
3358,2.2992,52.0,4.9666,1.1408,1051.0,2.5084,40.41,-120.66,0.702
3382,4.6635,35.0,5.1933,0.9533,371.0,2.4733,34.25,-118.27,2.301
3435,2.1062,26.0,3.6942,1.0764,2582.0,5.3347,34.26,-118.42,1.364
3468,3.0,31.0,4.584,1.0756,892.0,3.7479,34.31,-118.48,1.724
3494,2.7353,17.0,5.3481,1.0444,523.0,1.937,34.27,-118.47,1.924
3501,2.6193,28.0,4.2386,1.0523,1182.0,2.6864,34.27,-118.46,1.723
3514,4.6591,27.0,6.4964,1.1169,1164.0,2.778,34.26,-118.49,2.399
3543,7.167,20.0,7.7287,1.0731,3562.0,3.3795,34.26,-118.59,3.571
3549,6.5146,18.0,6.7122,1.0976,670.0,3.2683,34.22,-118.63,2.776
3595,5.2939,35.0,6.0831,1.0022,1224.0,2.7506,34.24,-118.49,2.442
3629,5.6629,33.0,5.5561,1.0247,1567.0,3.5135,34.23,-118.42,1.867
3634,3.4013,35.0,5.303,0.987,720.0,3.1169,34.23,-118.43,1.765
3684,3.1563,36.0,4.5941,1.0759,1181.0,3.8977,34.21,-118.37,1.764
3768,5.9275,37.0,5.8294,0.9735,794.0,2.3353,34.17,-118.43,3.369
3806,2.1888,30.0,3.297,1.0368,2172.0,3.0721,34.21,-118.45,1.956
3822,3.8833,36.0,4.8652,1.0,1132.0,2.6761,34.19,-118.48,2.104
3851,2.2461,35.0,3.7969,1.0547,550.0,2.1484,34.18,-118.44,2.15
3911,3.6905,21.0,4.0589,1.0366,1624.0,2.586,34.2,-118.55,1.798
3970,4.8125,34.0,6.2968,1.072,986.0,2.8415,34.19,-118.56,2.667
3972,3.3125,27.0,4.1491,1.0368,2863.0,2.7715,34.19,-118.58,2.228
3992,7.7846,26.0,7.6636,1.0227,2574.0,2.9151,34.17,-118.64,4.09
4012,4.1656,37.0,6.3254,1.0735,1283.0,2.3585,34.16,-118.6,3.131
4034,7.1322,35.0,7.7183,1.0103,1244.0,3.2145,34.17,-118.56,5.0
4057,4.6375,15.0,4.3504,1.0591,1669.0,1.6427,34.15,-118.44,3.591
4066,4.6,30.0,6.2467,1.2092,1449.0,2.3676,34.16,-118.47,3.925
4114,5.738,33.0,5.9846,1.1,258.0,1.9846,34.14,-118.41,4.976
4115,4.0439,27.0,4.9875,1.115,1417.0,1.7712,34.14,-118.42,5.0
4136,1.9219,52.0,3.8198,1.0989,904.0,3.1943,34.12,-118.18,1.651
4137,4.21,45.0,5.0892,1.0361,1569.0,3.3312,34.12,-118.18,1.679
4139,2.369,29.0,4.0305,1.1252,1795.0,2.7405,34.12,-118.18,1.734
4152,2.5139,52.0,3.6039,1.0776,1189.0,3.2936,34.12,-118.21,1.9
4166,1.9355,37.0,3.7431,1.1211,1698.0,3.1156,34.11,-118.2,1.663
4191,5.2049,37.0,5.0902,0.949,750.0,2.9412,34.12,-118.22,2.408
4214,2.1071,47.0,3.2895,0.8589,1512.0,3.6172,34.13,-118.27,2.089
4252,3.0179,52.0,4.7652,1.0739,423.0,1.8391,34.1,-118.36,5.0
4269,1.705,33.0,2.5115,1.1377,918.0,3.0098,34.1,-118.31,3.5
4288,1.8156,40.0,2.5004,0.9935,3953.0,3.2322,34.09,-118.3,2.188
4414,2.6336,43.0,3.1044,1.0359,1919.0,3.1305,34.09,-118.25,1.743
4415,2.935,52.0,4.4748,1.1271,1211.0,2.9041,34.09,-118.25,1.894
4429,1.8173,31.0,3.0076,0.8931,573.0,4.374,34.08,-118.22,1.542
4434,2.2708,34.0,3.53,1.102,2203.0,4.406,34.07,-118.2,1.596
4462,4.9231,8.0,4.7489,1.1362,435.0,1.8511,34.1,-118.18,2.309
4480,3.875,37.0,4.7925,0.9336,814.0,3.3776,34.07,-118.17,1.485
4532,2.2788,47.0,3.7746,1.1301,1499.0,4.3324,34.04,-118.21,1.396
4583,1.3241,25.0,1.6544,1.1351,3723.0,3.5936,34.06,-118.27,1.125
4585,1.4904,26.0,1.5981,1.053,1204.0,3.7508,34.06,-118.27,2.75
4592,1.7866,25.0,1.6786,1.0663,2796.0,3.5663,34.05,-118.27,3.25
4631,2.2094,20.0,2.1652,1.0887,1749.0,2.1252,34.06,-118.3,0.75
4636,1.5553,42.0,1.8061,1.0635,6846.0,3.1753,34.06,-118.29,0.7
4643,1.7896,23.0,2.2469,1.076,3720.0,3.3274,34.06,-118.3,3.222
4653,8.3617,52.0,5.5161,0.9315,737.0,2.9718,34.06,-118.33,4.338
4700,3.5573,21.0,4.1045,1.0742,1510.0,1.6966,34.07,-118.38,5.0
4737,4.4191,52.0,5.7991,0.9813,526.0,2.4579,34.05,-118.38,3.341
4741,2.5806,47.0,4.7391,1.1431,1533.0,2.5808,34.05,-118.35,2.341
4747,2.2725,39.0,3.4211,1.0246,723.0,2.5368,34.05,-118.34,1.406
4777,1.7377,33.0,3.9759,1.0722,1714.0,2.945,34.03,-118.33,1.839
4819,2.4297,51.0,3.2843,1.0261,1227.0,4.0098,34.05,-118.3,1.625
4890,1.913,35.0,2.9675,1.0542,2239.0,4.8568,34.02,-118.25,1.143
4934,1.852,40.0,3.9679,1.1323,2311.0,4.3686,34.0,-118.27,1.015
4965,1.4639,6.0,3.6898,1.1613,1509.0,3.7444,34.0,-118.29,1.125
5048,4.4028,33.0,5.9241,1.1257,900.0,2.356,34.02,-118.37,2.468
5094,3.375,46.0,4.6875,1.0428,1140.0,3.75,33.97,-118.3,0.985
5129,1.3042,45.0,3.9534,0.9883,1502.0,3.5012,33.98,-118.27,0.992
5147,1.5326,52.0,3.6768,0.9558,1144.0,3.1602,33.97,-118.26,0.906
5190,1.8191,36.0,4.2277,1.0634,1247.0,3.5937,33.93,-118.27,0.927
5218,1.35,40.0,4.1713,0.979,1210.0,4.2308,33.95,-118.24,0.895
5243,12.3767,27.0,7.737,1.1222,654.0,2.4222,34.12,-118.42,5.0
5253,13.2935,27.0,7.6071,1.0127,2336.0,2.6912,34.11,-118.49,5.0
5268,7.3031,24.0,7.1754,1.0738,761.0,2.3415,34.06,-118.56,5.0
5283,4.2554,20.0,3.7781,1.0624,2202.0,1.527,34.06,-118.46,5.0
5288,4.175,27.0,4.5748,1.0738,1725.0,1.7931,34.05,-118.47,5.0
5297,2.0511,21.0,3.2589,1.1741,965.0,4.308,34.07,-118.44,3.5
5318,10.8045,44.0,5.4948,0.9278,291.0,3.0,34.06,-118.42,5.0
5334,3.0069,25.0,3.0644,1.0272,1390.0,1.9886,34.04,-118.46,3.25
5366,5.5951,44.0,6.6184,1.0106,635.0,2.2438,34.04,-118.39,4.613
5411,4.5795,43.0,5.8667,1.025,651.0,2.7125,34.01,-118.44,4.0
5418,6.2917,39.0,5.3128,1.0243,1321.0,2.141,34.02,-118.44,4.657
5419,3.9091,38.0,5.9022,1.1875,830.0,2.2554,34.02,-118.43,5.0
5464,2.3417,40.0,3.2385,1.1567,865.0,1.4736,33.98,-118.51,4.25
5466,3.015,50.0,3.2803,1.0481,764.0,1.5983,33.99,-118.47,4.143
5476,3.875,52.0,4.5773,1.0619,376.0,1.9381,34.0,-118.46,3.72
5543,5.611,36.0,5.7279,1.0249,996.0,2.2585,33.98,-118.4,4.566
5589,2.9154,9.0,3.7193,1.1818,1790.0,2.393,33.79,-118.3,2.033
5590,3.163,13.0,4.0557,1.05,2159.0,2.4534,33.79,-118.3,2.242
5617,3.5488,42.0,4.8216,1.0954,1044.0,4.332,33.79,-118.26,2.056
5759,2.3482,17.0,3.8792,1.0735,2986.0,3.007,34.17,-118.29,2.554
5778,3.0,14.0,3.4542,1.0359,1941.0,2.2491,34.15,-118.26,1.786
5782,3.3906,20.0,4.5041,1.084,1562.0,2.5733,34.15,-118.24,2.841
5821,7.1262,27.0,7.0127,1.0291,3199.0,2.9082,34.22,-118.31,4.462
5881,3.7941,37.0,4.7715,1.1523,1235.0,2.4749,34.16,-118.33,2.478
5911,2.3724,27.0,3.2285,1.0487,1243.0,4.6554,34.28,-118.43,1.542
5914,2.3375,30.0,3.3717,1.0088,840.0,3.7168,34.29,-118.45,1.542
5931,6.5253,26.0,7.298,1.0195,3460.0,3.0592,34.14,-117.83,3.499
5960,4.9844,29.0,6.0022,0.982,1484.0,3.3348,34.11,-117.83,2.03
5966,3.6201,21.0,4.6662,1.0831,1866.0,2.5013,34.11,-117.81,1.504
5981,3.5072,29.0,5.1541,0.9173,2477.0,4.656,34.1,-117.74,1.219
6029,5.2269,52.0,6.2696,1.0441,444.0,2.1765,34.07,-117.75,1.61
6031,3.2481,34.0,5.5282,0.9899,1761.0,3.5504,34.08,-117.72,1.288
6046,3.15,26.0,4.7247,1.0049,3367.0,4.1568,34.04,-117.73,1.297
6069,6.4333,16.0,6.199,1.0035,2120.0,3.6998,34.02,-117.87,2.715
6085,5.2405,36.0,6.335,0.955,640.0,3.2,34.09,-117.87,2.2
6133,2.564,32.0,4.1866,1.0353,2660.0,4.4706,34.06,-117.99,1.458
6143,3.7727,22.0,4.8056,1.0263,5389.0,4.5747,34.1,-117.98,1.597
6152,3.2266,30.0,4.3224,1.0234,2847.0,4.4346,34.1,-117.96,1.418
6161,4.4653,32.0,5.4406,1.0342,1669.0,3.3581,34.08,-117.94,1.954
6189,2.9437,27.0,4.9205,1.0722,1762.0,2.595,34.1,-117.89,1.804
6201,3.1949,25.0,4.434,1.0252,1107.0,2.3208,34.08,-117.89,2.074
6232,3.3523,25.0,4.9972,1.1129,1187.0,3.27,34.07,-117.94,1.708
6258,3.0904,36.0,5.1937,0.9507,1149.0,4.0458,34.05,-117.96,1.586
6297,5.0704,15.0,5.63,0.9956,8997.0,3.6031,34.02,-117.9,2.262
6298,3.8201,22.0,5.0112,1.0224,5587.0,4.466,34.02,-117.91,1.362
6331,5.0142,15.0,5.982,1.0406,2418.0,3.6361,33.99,-117.95,2.699
6335,6.2517,25.0,7.1954,0.9974,1348.0,3.4653,33.99,-117.96,3.111
6344,1.4722,4.0,3.7696,1.3713,727.0,1.9702,34.06,-117.74,1.375
6349,4.4821,33.0,6.2246,1.0435,421.0,3.0507,34.15,-117.94,2.201
6391,15.0001,37.0,8.7611,1.0,697.0,3.0841,34.15,-118.06,5.0
6409,6.1536,37.0,6.8389,1.0942,989.0,3.0061,34.12,-118.02,3.66
6418,2.5417,43.0,4.1864,1.0259,1544.0,2.5024,34.15,-118.0,1.783
6443,2.9422,32.0,4.9316,1.1257,1512.0,2.7948,34.1,-118.03,2.331
6446,7.1885,37.0,7.3276,1.0172,598.0,3.4368,34.11,-118.04,5.0
6492,3.6531,30.0,4.562,1.044,1969.0,3.938,34.08,-118.01,1.663
6582,6.7571,42.0,6.6652,1.058,665.0,2.9688,34.21,-118.2,4.439
6651,1.9923,41.0,3.2794,1.0627,855.0,2.2324,34.15,-118.14,5.0
6673,3.6474,26.0,3.9231,0.9982,1186.0,2.1216,34.15,-118.11,1.841
6686,3.4087,45.0,4.6795,1.0128,672.0,2.8718,34.15,-118.07,2.092
6723,3.6389,34.0,3.8685,1.0516,430.0,2.0188,34.13,-118.15,2.15
6732,9.7912,44.0,7.0363,0.9556,693.0,2.7944,34.13,-118.1,5.0
6752,4.6442,36.0,6.1535,1.0934,1231.0,2.5539,34.11,-118.09,3.168
6756,6.7099,50.0,7.5035,1.0352,753.0,2.6514,34.11,-118.11,3.522
6773,3.8427,36.0,4.3645,1.0792,2719.0,1.9394,34.12,-118.15,3.197
6809,3.3801,20.0,4.187,1.0867,2109.0,2.8577,34.1,-118.11,1.925
6842,1.1875,17.0,3.0176,1.007,1590.0,2.7993,34.06,-118.13,1.839
6981,6.0663,30.0,6.8625,1.0399,3124.0,3.2781,33.97,-118.0,3.726
7005,4.3203,37.0,5.1406,0.9625,1077.0,3.3656,33.97,-118.06,1.592
7038,2.7647,20.0,4.1097,1.0151,1407.0,3.0258,33.96,-118.09,1.63
7086,4.9205,35.0,5.152,0.96,758.0,3.032,33.93,-118.0,1.739
7115,4.2305,32.0,5.8918,1.2359,2541.0,5.5,33.91,-118.01,2.214
7148,2.8385,42.0,4.5143,0.957,1470.0,3.0123,34.03,-118.13,1.922
7161,2.4167,31.0,4.1053,1.0202,1064.0,4.3077,34.03,-118.17,1.255
7163,3.5938,46.0,4.7315,1.1208,655.0,4.396,34.04,-118.17,1.411
7165,3.1528,35.0,4.1589,0.9735,2990.0,9.9007,34.05,-118.17,1.218
7185,2.75,39.0,4.1095,1.0073,682.0,4.9781,34.04,-118.17,1.5
7238,2.075,40.0,4.02,1.0483,2119.0,3.5317,34.01,-118.13,1.511
7261,3.2188,39.0,2.0435,0.6957,51.0,2.2174,33.99,-118.21,1.125
7286,3.0724,45.0,3.0351,0.7368,230.0,4.0351,33.98,-118.24,1.107
7302,3.3869,40.0,3.623,1.0164,1930.0,4.5199,33.99,-118.19,1.573
7352,3.0938,31.0,3.6677,0.9763,1486.0,4.4095,33.98,-118.17,1.554
7353,2.4821,33.0,3.5958,1.018,1482.0,4.4371,33.96,-118.15,1.5
7402,0.9166,42.0,5.0357,1.2357,739.0,5.2786,33.95,-118.23,0.99
7406,2.5966,32.0,3.6711,0.9918,2361.0,3.8832,33.96,-118.22,1.709
7418,3.4323,41.0,3.9322,1.0551,1108.0,4.6949,33.94,-118.22,1.446
7436,3.3661,45.0,4.8979,0.9712,1315.0,3.4424,33.94,-118.19,1.608
7483,2.1964,30.0,2.3439,0.8995,903.0,4.7778,33.93,-118.22,1.25
7488,3.4539,43.0,4.5611,0.9771,1251.0,4.7748,33.92,-118.22,1.25
7518,3.4917,35.0,5.0651,0.9315,963.0,3.2979,33.91,-118.25,1.095
7519,2.4375,39.0,4.8446,1.0881,711.0,3.6839,33.91,-118.26,1.019
7603,2.4821,37.0,5.2507,1.0427,1207.0,3.4387,33.88,-118.24,1.11
7610,2.125,37.0,4.596,1.12,1016.0,4.064,33.88,-118.22,1.019
7621,4.25,18.0,5.602,1.0387,3704.0,3.0461,33.87,-118.25,1.692
7688,4.5694,27.0,4.7062,1.0311,995.0,2.8107,33.95,-118.1,2.043
7703,4.0,38.0,4.5614,0.886,557.0,2.443,33.96,-118.13,2.547
7741,2.7875,35.0,4.4837,1.1433,1592.0,2.5928,33.95,-118.15,2.09
7793,3.1917,35.0,3.9088,1.0584,1412.0,5.1533,33.89,-118.08,1.149
7841,2.4333,25.0,4.1683,1.078,1177.0,2.8707,33.9,-118.18,1.55
7868,3.1923,40.0,4.3088,1.0496,1305.0,2.3989,33.88,-118.12,1.919
7872,4.5735,39.0,5.2848,1.0273,1048.0,3.1758,33.89,-118.14,1.955
7885,3.0989,21.0,4.0133,1.0752,4396.0,2.6659,33.87,-118.14,1.714
7908,5.7039,19.0,5.6743,0.9943,572.0,3.2686,33.85,-118.1,2.776
7915,5.1645,26.0,5.48,0.9818,931.0,3.3855,33.88,-118.08,2.449
7925,4.8448,31.0,5.255,1.0452,1806.0,3.2658,33.84,-118.08,1.946
7944,3.5833,45.0,5.4244,0.9971,919.0,2.6715,33.86,-118.13,2.002
7958,4.625,47.0,5.069,1.0632,536.0,3.0805,33.88,-118.18,1.63
7973,3.225,32.0,4.3057,1.0829,1082.0,3.0914,33.88,-118.21,1.382
8013,5.296,35.0,6.8061,1.0228,924.0,3.5133,33.84,-118.1,2.262
8041,4.1538,36.0,5.7642,1.0189,1199.0,2.8278,33.84,-118.16,2.188
8053,2.25,24.0,4.4982,1.1722,537.0,1.967,33.84,-118.19,1.92
8105,2.3605,39.0,4.005,1.1479,1691.0,4.2381,33.79,-118.21,1.418
8151,3.7031,36.0,6.2768,1.0395,444.0,2.5085,33.81,-118.1,2.453
8177,4.4831,36.0,5.2561,0.9817,838.0,2.5549,33.8,-118.09,2.539
8218,2.0675,25.0,3.1468,1.0684,3744.0,4.1325,33.79,-118.2,1.167
8223,1.3274,21.0,2.8287,1.0619,2924.0,3.0175,33.78,-118.19,2.188
8229,1.2864,40.0,2.5521,1.128,1257.0,1.5772,33.77,-118.2,1.313
8249,1.7393,29.0,3.7824,1.2461,3580.0,4.6373,33.78,-118.17,1.402
8274,3.0503,25.0,4.0413,1.1578,2178.0,1.9982,33.77,-118.17,2.25
8399,2.8438,32.0,3.852,1.0325,1053.0,3.8014,33.95,-118.37,1.817
8439,3.0132,44.0,4.9057,1.0943,392.0,3.6981,33.93,-118.36,2.025
8441,4.3333,42.0,4.6076,0.9976,1184.0,2.7991,33.91,-118.36,2.256
8463,3.2649,17.0,3.8352,1.0536,2536.0,2.6117,33.91,-118.34,2.021
8494,3.287,19.0,3.6682,1.0439,1726.0,2.6152,33.9,-118.3,1.814
8509,3.5556,35.0,4.8475,1.03,1036.0,2.59,33.88,-118.31,2.38
8548,3.2589,42.0,4.2151,1.064,493.0,2.8663,33.88,-118.34,2.333
8594,5.5335,21.0,6.1139,1.0886,417.0,2.6392,33.88,-118.37,3.426
8681,3.9167,44.0,5.4436,1.0,373.0,2.8045,33.87,-118.33,2.656
8690,6.4891,35.0,5.4234,0.9343,385.0,2.8102,33.87,-118.33,2.781
8730,3.625,52.0,4.2901,1.0943,1068.0,2.5189,33.84,-118.31,2.707
8748,6.2247,36.0,6.0887,1.0614,901.0,3.0751,33.82,-118.36,3.39
8789,6.9742,38.0,6.4962,1.0178,1042.0,2.6514,33.8,-118.36,5.0
8832,4.0651,33.0,3.7812,1.0285,1347.0,1.6017,34.09,-118.37,5.0
8834,3.1517,22.0,3.6299,1.0709,1766.0,1.5094,34.09,-118.37,3.417
8838,2.8889,30.0,3.6396,1.0555,1910.0,1.5366,34.08,-118.38,3.353
8857,5.7762,45.0,5.5727,0.9805,1153.0,2.0443,34.07,-118.39,5.0
8865,5.3316,37.0,4.5489,1.078,1291.0,1.974,34.06,-118.39,5.0
8868,3.6964,47.0,4.1172,1.0902,1438.0,1.6212,34.06,-118.4,5.0
8919,2.0745,35.0,4.1762,1.0574,2223.0,3.0369,34.02,-118.47,3.325
9112,4.9904,5.0,7.843,1.2247,3123.0,3.3581,34.6,-118.16,1.541
9116,2.0547,13.0,4.8678,1.2104,1949.0,3.6294,34.58,-118.12,1.026
9164,5.2887,25.0,6.3445,1.0315,1763.0,3.4705,34.42,-118.47,1.83
9168,1.9667,2.0,5.716,1.5976,233.0,1.3787,34.42,-118.56,4.5
9175,3.227,18.0,3.8325,1.0168,2305.0,3.861,34.38,-118.53,1.361
9196,2.9449,17.0,5.6248,1.1542,1603.0,2.5485,37.21,-119.45,0.956
9208,2.8167,10.0,6.0801,1.1504,1508.0,2.9453,37.19,-119.68,0.961
9211,2.4054,38.0,6.1007,1.0827,985.0,3.5432,37.11,-120.31,1.125
9219,1.9464,36.0,4.9755,1.0531,639.0,2.6082,37.12,-120.27,0.57
9228,2.6012,21.0,6.0399,1.0978,861.0,3.1196,36.98,-120.21,0.922
9233,3.5258,13.0,6.0997,1.0455,3840.0,3.7173,37.02,-120.06,0.849
9236,2.6087,18.0,5.6067,1.0646,1327.0,3.7275,36.96,-119.95,0.96
9241,4.3625,13.0,6.9707,1.0195,702.0,3.4244,36.93,-119.87,1.118
9244,2.5288,16.0,5.3156,1.0603,2463.0,3.5337,36.98,-120.05,0.618
9246,1.625,38.0,4.6168,1.0898,1220.0,3.6527,36.97,-120.06,0.528
9258,1.6534,44.0,4.4878,1.0279,723.0,2.5192,36.96,-120.06,0.614
9263,1.3594,36.0,5.0263,1.1414,1334.0,4.3882,36.95,-120.04,0.483
9342,6.1724,35.0,7.0064,1.039,3450.0,2.7424,38.01,-122.59,4.143
9348,4.8056,36.0,4.7558,0.9731,1111.0,1.9946,37.98,-122.56,3.457
9355,9.5551,29.0,5.6269,0.8657,151.0,2.2537,37.96,-122.64,5.0
9443,3.8333,24.0,5.7333,1.4,79.0,2.6333,37.67,-119.81,0.938
9470,3.2171,16.0,4.872,1.0217,1177.0,2.843,39.44,-123.79,1.162
9478,2.9183,46.0,5.297,1.097,808.0,2.4485,39.41,-123.36,0.769
9493,3.25,16.0,4.9355,1.0609,830.0,2.9749,39.37,-123.75,1.514
9508,3.3667,45.0,4.9926,0.9815,639.0,2.3667,39.15,-123.22,1.152
9521,1.375,26.0,3.6758,1.0399,1065.0,2.6559,39.13,-123.2,0.844
9538,3.2721,11.0,4.5229,1.0428,1476.0,4.5138,37.39,-120.71,0.738
9602,1.5,39.0,3.2428,1.1374,875.0,2.7955,37.3,-120.48,0.67
9609,1.76,29.0,3.6643,1.0629,1697.0,3.9557,37.3,-120.5,0.632
9628,2.0,17.0,7.2892,1.9157,416.0,5.012,37.31,-120.35,0.875
9659,2.1434,42.0,6.6318,1.3091,1182.0,2.6864,41.78,-121.16,0.44
9683,3.2917,10.0,34.5714,7.0223,483.0,2.1562,37.63,-118.99,2.318
9708,1.9385,28.0,3.6,1.0393,1717.0,3.2093,36.67,-121.65,1.232
9721,5.2729,13.0,6.5591,1.0236,405.0,3.189,36.9,-121.68,3.229
9737,2.3384,27.0,3.2289,1.01,2031.0,4.0783,36.77,-121.76,1.21
9782,2.6801,12.0,4.3785,1.01,1971.0,3.9263,36.24,-121.02,1.0
9888,2.7619,21.0,4.0438,0.9818,524.0,1.9124,38.3,-122.3,1.546
9889,3.3542,52.0,5.7259,1.0508,450.0,2.2843,38.3,-122.3,1.546
9925,6.1953,14.0,6.6844,0.9339,2768.0,2.7298,38.31,-122.33,2.589
9972,1.9441,18.0,4.1571,1.0801,610.0,1.9551,38.51,-122.45,1.844
10032,2.425,52.0,5.5908,1.1379,928.0,2.1333,39.22,-121.07,1.211
10101,5.7796,32.0,6.1072,0.9277,1296.0,3.021,33.92,-117.97,2.413
10133,5.0096,34.0,5.936,1.0202,894.0,3.0101,33.91,-117.91,2.217
10198,5.1237,52.0,5.7828,0.9705,1001.0,2.6836,33.88,-117.93,2.4
10235,3.6375,26.0,4.9338,1.0662,247.0,1.6358,33.86,-117.92,1.339
10252,3.343,22.0,4.2857,1.2161,1382.0,2.5311,33.89,-117.87,1.846
10260,5.9639,22.0,6.3307,1.0315,1486.0,2.3402,33.89,-117.85,2.623
10296,6.3303,14.0,6.0284,0.9985,1905.0,2.8433,33.92,-117.87,3.03
10302,7.0217,25.0,8.0231,0.9794,1278.0,3.2853,33.89,-117.8,3.579
10336,7.1193,2.0,9.0938,1.0938,199.0,3.1094,33.81,-117.76,5.0
10361,8.0082,16.0,7.7905,1.0291,1642.0,2.9909,33.57,-117.66,2.866
10428,6.2871,26.0,7.0092,1.0734,607.0,2.7844,33.45,-117.64,3.255
10432,3.3155,27.0,4.4192,1.2165,2321.0,2.6586,33.43,-117.62,2.31
10450,6.6852,25.0,7.3024,1.2659,903.0,2.2024,33.44,-117.67,5.0
10472,9.8321,17.0,7.7706,1.0394,654.0,2.3441,33.49,-117.73,5.0
10535,5.5677,4.0,5.9219,1.1209,834.0,2.1008,33.5,-117.7,2.454
10543,2.8192,29.0,5.3504,1.0265,3985.0,3.7737,33.68,-117.7,1.625
10574,1.9659,6.0,4.7955,1.1591,125.0,2.8409,33.72,-117.7,5.0
10623,4.5094,12.0,4.4264,1.092,1913.0,1.956,33.67,-117.77,1.602
10627,7.5847,5.0,6.7726,0.9766,1986.0,3.3211,33.71,-117.77,3.757
10684,6.6178,44.0,6.8396,1.2351,515.0,1.9216,33.51,-117.78,5.0
10733,6.6265,30.0,6.0223,1.1592,635.0,2.0223,33.6,-117.86,5.0
10820,3.4417,15.0,3.0873,1.125,1330.0,3.1368,33.65,-117.92,1.825
10857,3.152,21.0,4.4875,1.015,2246.0,5.615,33.71,-117.86,1.528
10865,3.1742,20.0,4.2287,1.2384,1403.0,3.4136,33.71,-117.88,2.45
10878,3.89,36.0,5.8055,1.0699,1593.0,4.8419,33.72,-117.88,1.7
10891,2.3333,31.0,3.902,0.9706,1602.0,5.2353,33.72,-117.86,1.577
10934,2.7535,24.0,3.2184,1.0483,5516.0,6.0549,33.74,-117.9,1.11
10950,3.5972,39.0,2.6699,0.8447,554.0,5.3786,33.75,-117.86,1.58
10963,6.9737,31.0,7.0414,0.9807,1044.0,2.884,33.77,-117.88,2.888
10985,3.0958,25.0,4.3106,1.0777,1559.0,2.4707,33.74,-117.82,1.378
11036,5.4562,28.0,6.5474,0.9737,2048.0,2.9898,33.78,-117.82,2.747
11076,4.0417,32.0,5.3515,0.9758,876.0,2.6545,33.81,-117.85,2.345
11090,5.0605,24.0,5.6607,0.9375,700.0,3.125,33.82,-117.89,2.162
11114,3.9286,25.0,4.7116,0.9233,918.0,2.4286,33.84,-117.88,2.627
11123,3.2344,44.0,5.0451,1.0574,682.0,2.7951,33.85,-117.92,1.701
11126,3.025,22.0,4.0068,0.983,865.0,2.9422,33.85,-117.91,1.8
11138,4.0061,30.0,5.3242,1.0085,1611.0,3.4131,33.85,-117.97,1.829
11156,4.6042,31.0,5.5398,0.9956,714.0,3.1593,33.84,-117.98,2.207
11191,5.0764,24.0,5.4551,1.1002,2600.0,2.9954,33.82,-117.94,2.286
11210,4.5057,10.0,3.6509,1.1934,1535.0,3.6203,33.82,-117.92,1.524
11241,4.4663,34.0,5.7257,1.0501,1021.0,3.0118,33.81,-117.96,1.839
11243,4.3636,33.0,5.5102,1.0148,1869.0,3.4675,33.81,-118.0,2.018
11246,3.1087,24.0,4.735,1.0158,1495.0,2.358,33.82,-118.0,2.028
11251,2.8625,21.0,4.9587,1.2109,1510.0,3.2826,33.82,-117.99,1.896
11330,4.3512,24.0,4.9761,1.0214,3196.0,4.0201,33.76,-117.95,1.914
11360,3.3846,15.0,2.9303,0.877,1394.0,5.7131,33.74,-117.91,1.625
11416,7.8195,16.0,8.6023,1.0587,2142.0,3.594,33.7,-117.98,3.905
11417,5.3428,23.0,6.3737,1.0678,1865.0,2.6912,33.7,-117.96,2.793
11462,4.625,19.0,5.037,1.045,1776.0,2.3492,33.67,-117.99,2.822
11479,5.1384,24.0,6.0482,1.0795,2743.0,2.5951,33.73,-118.02,3.369
11495,7.7854,15.0,7.8547,1.0194,1259.0,3.0484,33.7,-118.03,3.953
11529,1.9074,26.0,4.2642,1.1148,960.0,1.3278,33.77,-118.08,0.685
11539,2.7589,26.0,3.7554,1.0516,1977.0,5.3723,33.75,-118.0,1.375
11545,5.2001,16.0,6.1189,1.0586,1291.0,2.1026,33.75,-118.04,2.356
11562,3.3125,22.0,4.07,1.0148,2357.0,3.1723,33.75,-117.99,1.918
11613,4.8,21.0,4.6038,1.0566,1215.0,2.5472,33.8,-118.06,1.969
11650,5.777,23.0,6.5523,0.9812,1646.0,3.4435,33.85,-118.04,3.159
11672,4.4821,35.0,5.9879,0.9707,2091.0,3.6052,33.84,-118.02,2.141
11678,5.2548,35.0,6.0181,0.9855,949.0,3.4384,33.85,-117.99,1.926
11690,2.95,13.0,4.5152,1.1775,1356.0,2.9351,33.87,-118.0,1.656
11693,2.9,20.0,4.0833,1.0851,1607.0,2.8493,33.86,-117.99,1.761
11750,6.1642,13.0,6.5414,0.9925,1432.0,2.6917,38.78,-121.18,2.778
11775,4.2259,3.0,6.4955,1.1436,8361.0,2.6867,38.77,-121.33,1.693
11807,3.0321,21.0,4.7311,1.014,1847.0,2.1502,38.92,-121.1,1.355
11826,4.8051,21.0,5.8571,1.0534,1874.0,2.7042,39.0,-121.04,1.743
11830,2.8603,17.0,6.4276,1.3746,736.0,2.6007,39.15,-120.87,1.289
11832,3.0,16.0,41.3333,8.4762,44.0,2.0952,39.3,-120.33,1.75
11854,2.2717,18.0,5.5203,1.0908,1567.0,2.5397,39.83,-120.46,0.759
11873,2.4306,36.0,5.1408,1.0915,476.0,3.3521,34.0,-117.37,0.889
11880,3.145,37.0,5.3478,1.0343,948.0,2.1693,33.98,-117.39,1.691
11914,3.7344,31.0,5.677,1.0994,556.0,3.4534,33.95,-117.44,1.153
11944,4.5122,36.0,6.3797,1.0588,1176.0,3.1444,33.93,-117.43,1.133
11948,2.1023,12.0,4.1199,1.0116,1987.0,2.3132,33.94,-117.45,1.037
11951,4.1776,32.0,5.9281,1.0458,903.0,2.951,33.94,-117.44,1.187
11952,4.375,33.0,6.0396,1.0396,715.0,3.1498,33.93,-117.44,1.299
11954,3.0437,33.0,4.706,1.0155,1466.0,2.8356,33.92,-117.44,1.108
11971,2.76,26.0,5.5209,1.0853,1720.0,3.1216,34.01,-117.45,0.952
12032,3.4028,33.0,3.9106,0.8851,724.0,3.0809,33.93,-117.47,1.105
12152,5.3238,8.0,7.8316,1.2115,9360.0,2.7849,33.68,-117.27,2.289
12155,3.125,12.0,5.7864,1.1022,1007.0,3.1176,33.66,-117.22,1.172
12158,3.8036,14.0,5.8513,1.0776,1540.0,3.319,33.83,-117.11,1.396
12177,4.0982,11.0,5.7899,1.0435,1757.0,3.183,33.8,-117.32,1.733
12187,3.1832,9.0,6.2885,1.0833,596.0,3.8205,33.67,-117.31,1.574
12207,4.125,9.0,6.6556,1.1188,1155.0,2.7435,33.52,-116.96,3.921
12223,5.3623,15.0,7.5596,1.1408,937.0,3.3827,33.73,-116.89,2.013
12289,1.9472,40.0,5.0265,1.0993,1391.0,3.0706,33.93,-116.98,0.732
12292,2.1581,33.0,4.2727,0.9432,267.0,3.0341,33.93,-116.98,0.683
12296,1.2188,37.0,4.3713,1.2544,865.0,2.5292,33.93,-116.88,0.55
12331,2.3382,11.0,5.5685,1.2097,644.0,2.5968,33.96,-116.48,0.894
12348,2.6083,36.0,6.6856,1.5114,451.0,1.7083,33.83,-116.56,3.219
12381,3.3162,27.0,5.2382,1.2971,759.0,2.2324,33.78,-116.47,1.136
12385,4.5556,17.0,8.7906,1.7287,2737.0,1.9234,33.71,-116.38,2.581
12388,2.2439,18.0,7.4268,1.6921,955.0,1.4558,33.77,-116.44,0.975
12390,7.9885,5.0,12.6269,3.7164,117.0,1.7463,33.74,-116.44,4.033
12401,4.5938,8.0,6.4958,1.1772,1572.0,3.3165,33.65,-116.31,1.026
12462,4.0972,38.0,5.596,0.9955,888.0,1.9821,38.57,-121.43,1.637
12496,3.2963,52.0,5.224,1.0729,825.0,2.1484,38.57,-121.45,2.361
12523,1.7328,44.0,4.0531,1.1694,1044.0,2.1306,38.56,-121.47,0.881
12591,6.6112,31.0,6.7585,0.9195,542.0,2.2966,38.51,-121.51,2.516
12601,1.9837,37.0,4.7865,1.014,902.0,2.5337,38.53,-121.48,0.623
12603,1.4625,43.0,5.144,1.16,2400.0,3.84,38.53,-121.47,0.544
12622,4.8497,19.0,5.731,0.9415,2519.0,2.9462,38.5,-121.52,1.844
12646,1.5735,18.0,3.5442,1.0117,1576.0,2.6311,38.51,-121.46,1.1
12651,1.6521,36.0,4.0685,1.1216,2460.0,2.9044,38.52,-121.44,0.697
12666,2.9571,28.0,5.2158,0.9568,1638.0,3.0732,38.48,-121.45,1.031
12728,3.875,36.0,5.2041,0.9265,530.0,2.1633,38.6,-121.36,1.336
12745,2.1472,19.0,4.9276,1.1544,2256.0,2.4363,38.64,-121.38,1.434
12760,1.8176,45.0,4.6323,1.0722,1059.0,1.8196,38.62,-121.39,1.609
12782,1.125,18.0,5.4875,1.3812,837.0,2.6156,38.64,-121.44,0.705
12784,3.8295,28.0,5.75,1.1321,559.0,2.6368,38.65,-121.44,1.222
12794,1.6607,20.0,4.625,0.9848,1287.0,3.9238,38.64,-121.46,0.67
12866,4.3118,20.0,5.7648,0.9943,3455.0,2.8112,38.68,-121.35,1.2
12885,2.7011,8.0,4.292,1.0401,1694.0,2.1886,38.66,-121.35,1.307
12889,3.6953,14.0,4.8774,0.9097,424.0,2.7355,38.66,-121.36,1.161
12991,4.2464,16.0,6.0074,0.9816,1794.0,3.3039,38.7,-121.25,1.444
13004,3.8906,15.0,4.8324,0.983,723.0,2.054,38.67,-121.27,1.287
13008,1.8589,20.0,5.225,1.05,921.0,2.5583,38.68,-121.29,1.44
13048,3.1711,35.0,6.1474,1.0448,1454.0,2.7127,38.59,-121.31,1.019
13135,4.35,21.0,5.9369,0.9668,988.0,3.2824,38.47,-121.43,0.962
13154,4.2333,20.0,6.1982,1.0599,731.0,3.3687,36.81,-121.5,3.633
13170,2.3125,7.0,5.3487,1.0691,677.0,2.227,36.85,-121.42,1.708
13201,2.9107,7.0,5.5455,1.0985,431.0,3.2652,34.06,-117.7,0.953
13257,5.3368,28.0,7.2416,0.961,1140.0,2.961,34.11,-117.65,2.335
13301,3.4432,39.0,5.3535,1.0323,1537.0,3.1051,34.07,-117.63,1.067
13337,3.9107,27.0,5.5728,1.0,321.0,3.1165,34.04,-117.68,1.865
13354,3.8125,15.0,5.4604,1.0549,1219.0,3.7165,34.02,-117.61,1.703
13359,5.5425,12.0,7.1816,1.1138,3019.0,3.8606,34.02,-117.66,2.023
13360,2.125,6.0,5.9048,1.119,119.0,2.8333,34.02,-117.64,4.167
13385,4.7193,4.0,5.6645,1.035,3455.0,2.8135,34.12,-117.56,1.787
13454,4.2121,14.0,5.141,0.9229,1443.0,3.8378,34.11,-117.4,1.281
13456,4.9444,16.0,5.534,0.8786,627.0,3.0437,34.11,-117.39,1.327
13527,1.875,30.0,5.6689,1.3082,1172.0,2.6758,34.17,-117.3,0.897
13579,1.2034,52.0,5.5826,1.1862,968.0,2.9069,34.13,-117.3,0.795
13613,3.0,37.0,5.1294,0.9692,1291.0,2.6509,34.13,-117.25,0.834
13615,2.1375,39.0,4.8835,1.0361,2256.0,3.129,34.13,-117.26,0.875
13644,2.0242,36.0,4.9671,1.0329,625.0,4.1118,34.06,-117.33,0.65
13656,1.6675,6.0,5.5115,1.3913,1039.0,2.6573,34.05,-117.3,0.958
13664,5.7393,9.0,5.7923,0.9034,629.0,3.0386,34.03,-117.31,1.516
13667,0.9838,36.0,5.0178,1.1006,737.0,4.3609,34.09,-117.27,0.793
13671,1.7206,21.0,3.4833,1.1,401.0,3.3417,34.07,-117.27,0.821
13678,7.978,5.0,7.9955,1.0541,726.0,3.2703,34.04,-117.24,2.239
13681,4.6445,17.0,6.0456,0.9808,2084.0,2.5018,34.15,-117.23,1.372
13689,3.1513,14.0,5.5261,1.0939,989.0,2.0647,34.14,-117.2,1.6
13697,2.809,34.0,4.8462,0.9842,1538.0,3.0335,34.12,-117.22,0.825
13709,3.4103,26.0,6.2527,1.0819,905.0,3.2206,34.11,-117.21,0.909
13746,5.3526,15.0,6.2148,1.0604,906.0,3.0403,34.07,-117.15,1.298
13804,4.555,39.0,4.9006,0.9845,872.0,2.7081,34.25,-117.55,1.531
13819,3.4183,29.0,7.146,1.473,855.0,2.7143,34.39,-117.13,1.041
13847,3.2941,9.0,6.2132,1.1038,1678.0,3.166,34.49,-117.34,0.983
13877,1.6784,16.0,4.9044,1.1205,3126.0,2.9885,34.43,-117.31,0.719
13888,2.0,15.0,6.4794,1.4671,1281.0,2.6358,34.85,-116.51,0.647
13895,1.69,18.0,4.4235,1.1459,994.0,2.3388,34.14,-116.32,0.542
13903,2.0674,14.0,5.2254,1.2977,2517.0,2.6384,34.2,-116.38,0.65
13974,2.8214,14.0,10.5293,2.258,1064.0,2.8298,34.29,-116.76,1.114
13978,3.9028,52.0,12.9019,2.9321,710.0,2.6792,34.08,-116.88,1.286
14034,3.125,47.0,4.9145,1.0757,689.0,2.2664,32.74,-117.14,1.727
14037,2.4828,25.0,4.0857,1.0985,956.0,2.0471,32.75,-117.14,1.333
14043,2.6777,35.0,4.0366,1.0509,1308.0,2.0795,32.76,-117.14,1.464
14052,2.1273,24.0,4.0355,1.1352,1775.0,2.0332,32.76,-117.14,1.423
14130,1.5208,10.0,3.5266,1.0587,1595.0,2.9266,32.76,-117.09,1.188
14135,3.3026,9.0,5.3705,1.1612,1687.0,2.6155,32.75,-117.07,1.191
14142,1.6318,19.0,4.4035,1.1367,2004.0,3.2219,32.75,-117.09,1.177
14163,1.7951,18.0,3.9053,1.1738,1329.0,2.2874,32.77,-117.06,1.618
14170,3.25,46.0,5.2709,1.0028,795.0,2.2207,32.76,-117.05,1.596
14211,2.85,38.0,5.0893,1.0893,1080.0,3.7113,32.68,-117.06,1.258
14265,1.9425,36.0,4.0028,1.0338,1418.0,3.9944,32.69,-117.11,0.934
14292,2.625,50.0,4.7422,1.0497,728.0,2.2609,32.74,-117.13,2.032
14400,2.2328,34.0,3.227,1.0296,508.0,1.6711,32.75,-117.28,2.667
14422,2.4643,27.0,3.8487,1.0534,776.0,2.3027,32.8,-117.23,2.444
14435,2.9258,26.0,4.302,1.094,1492.0,1.8697,32.8,-117.24,2.348
14452,3.2109,34.0,4.0268,1.0949,870.0,2.1168,32.84,-117.27,3.76
14456,4.1477,38.0,5.5304,1.1215,891.0,2.0818,32.83,-117.31,5.0
14484,8.0639,35.0,8.0226,1.0904,469.0,2.6497,32.83,-117.27,5.0
14485,6.8322,25.0,6.5782,1.0642,823.0,2.2989,32.92,-117.29,5.0
14500,5.0855,15.0,6.039,1.1348,587.0,2.0816,32.86,-117.23,2.098
14524,4.6667,13.0,4.9377,1.0283,854.0,2.4193,32.9,-117.12,1.382
14527,3.2151,7.0,3.3538,1.0718,766.0,1.9641,32.92,-117.14,1.063
14532,4.9375,15.0,5.8882,1.0024,2797.0,3.3985,32.94,-117.13,1.804
14592,3.0375,21.0,4.9723,1.0329,1471.0,2.5494,32.82,-117.17,1.976
14673,2.875,17.0,5.6911,1.051,1341.0,4.2707,32.82,-117.11,1.125
14687,9.2858,6.0,8.0955,1.0248,3146.0,3.9032,32.9,-117.04,4.361
14699,2.9881,28.0,4.3461,1.0,816.0,2.0763,32.78,-117.09,1.653
14709,7.8336,25.0,8.055,1.0162,911.0,2.9482,32.79,-117.07,2.776
14734,3.7292,14.0,5.4239,1.0239,1451.0,2.4803,32.81,-117.02,1.822
14740,4.1518,22.0,5.6631,1.0755,1551.0,4.1806,32.58,-117.05,1.369
14741,3.8529,17.0,4.917,1.0235,2213.0,3.9946,32.58,-117.06,1.477
14745,5.0311,14.0,5.8728,1.0125,1883.0,4.6958,32.58,-117.04,1.521
14770,2.5859,17.0,4.8146,1.0309,1911.0,3.1073,32.57,-117.07,1.314
14779,2.569,9.0,4.3255,1.0385,4451.0,3.057,32.57,-117.08,0.883
14841,3.4609,29.0,4.5079,0.9243,1091.0,3.4416,32.69,-117.07,1.18
14842,3.4875,31.0,5.1992,0.9898,1938.0,3.939,32.69,-117.08,1.17
14846,4.069,28.0,5.2473,0.9717,820.0,2.8975,32.69,-117.07,1.533
14864,2.7218,38.0,3.8091,0.9745,1240.0,2.2545,32.64,-117.09,1.459
14915,3.0495,16.0,5.4139,1.074,3073.0,3.5526,32.59,-117.05,0.983
14922,4.7068,6.0,5.8103,1.0596,4771.0,3.4673,32.62,-116.98,1.843
15001,1.8594,12.0,3.7554,1.0956,2000.0,2.2753,32.74,-117.02,1.192
15012,3.141,43.0,5.0736,1.064,1534.0,2.4544,32.76,-117.04,1.414
15035,3.4773,31.0,4.6119,1.0283,1595.0,2.2592,32.79,-117.0,1.558
15081,2.8175,22.0,4.331,1.0254,2766.0,2.8081,32.81,-116.94,1.352
15099,2.543,15.0,4.8771,1.1155,1513.0,2.8175,32.81,-116.95,1.0
15104,4.0882,12.0,5.3604,1.0706,3321.0,4.9865,32.85,-116.98,1.345
15117,3.3081,14.0,5.3652,1.0742,6389.0,2.7385,32.83,-116.95,1.687
15148,3.6027,17.0,6.1623,1.1093,1561.0,2.5844,32.87,-116.93,2.119
15181,6.4211,17.0,7.0354,1.0,1228.0,3.101,33.03,-117.09,2.207
15268,2.8611,31.0,4.3858,1.2022,603.0,2.2584,33.03,-117.33,3.143
15294,2.478,16.0,3.8388,1.1203,2849.0,2.3801,33.17,-117.35,1.856
15299,3.3536,17.0,4.242,1.0734,2111.0,1.9878,33.15,-117.34,2.833
15334,2.7417,16.0,4.7828,1.0498,316.0,1.4299,33.22,-117.32,0.917
15343,3.8958,4.0,6.6318,1.0361,934.0,3.3718,33.23,-117.35,1.898
15378,4.5,11.0,6.1911,1.0667,1250.0,2.7778,33.36,-117.24,2.226
15381,4.0882,16.0,5.8514,1.0695,1301.0,2.5116,33.41,-117.19,2.961
15396,4.15,14.0,6.5176,1.1152,1385.0,2.7051,33.23,-117.08,2.722
15429,3.0982,18.0,4.77,1.0827,1581.0,4.0853,33.21,-117.24,1.113
15446,2.9191,19.0,4.4574,0.9972,1035.0,2.9403,33.19,-117.24,1.594
15466,3.75,16.0,4.9365,0.9972,1446.0,3.9945,33.17,-117.21,1.638
15489,4.0495,12.0,5.2148,1.0531,1147.0,2.649,33.14,-117.13,1.539
15508,4.2357,11.0,4.8639,0.9932,921.0,3.1327,33.14,-117.08,1.609
15539,2.2875,17.0,4.0819,0.9691,1167.0,1.8037,33.11,-117.11,1.324
15557,2.7216,32.0,5.3666,1.0824,1224.0,2.6551,33.12,-117.07,1.463
15580,4.6518,17.0,5.8116,0.9855,251.0,3.6377,33.02,-116.86,1.702
15585,3.0089,36.0,7.873,1.7778,334.0,2.6508,33.09,-116.58,1.344
15587,3.875,11.0,9.3755,2.0,616.0,2.29,33.04,-116.61,1.981
15624,2.5875,52.0,3.2874,1.0202,629.0,2.5466,37.8,-122.41,5.0
15631,1.9063,52.0,3.2008,1.1111,1432.0,2.7914,37.8,-122.4,3.0
15700,3.975,52.0,3.731,1.0986,800.0,1.6427,37.79,-122.44,5.0
15709,5.0049,25.0,4.3193,1.0396,649.0,1.7124,37.79,-122.43,4.6
15733,2.4196,52.0,3.9366,0.9824,514.0,1.8099,37.78,-122.44,3.462
15749,3.3679,52.0,4.6134,1.0809,1090.0,2.1499,37.77,-122.45,3.5
15812,3.3565,52.0,4.5109,1.0328,1531.0,1.8625,37.76,-122.43,3.864
15814,3.5052,52.0,3.8582,1.0453,2129.0,2.053,37.76,-122.42,3.912
15954,4.3846,46.0,5.1386,1.0161,1562.0,3.1365,37.71,-122.45,2.706
15974,4.2727,47.0,4.6126,0.9881,953.0,3.7668,37.72,-122.4,2.419
15998,6.1592,46.0,6.8894,1.1574,1293.0,2.7511,37.75,-122.47,3.817
16020,10.6605,50.0,7.3795,1.125,641.0,2.8616,37.73,-122.47,5.0
16022,6.8322,52.0,7.3201,1.0549,812.0,2.4756,37.73,-122.46,3.941
16048,3.0703,37.0,5.0496,1.0689,1093.0,3.011,37.72,-122.46,2.118
16061,4.3281,49.0,5.8256,1.0819,729.0,2.5943,37.76,-122.49,3.231
16087,3.1359,38.0,4.1067,1.0643,2410.0,3.0977,37.73,-122.48,3.5
16106,3.96,45.0,4.9441,1.0093,920.0,2.8571,37.76,-122.54,2.722
16108,3.7969,40.0,4.7143,0.9082,1266.0,2.5837,37.74,-122.5,2.978
16124,3.7292,52.0,4.5667,1.0173,1302.0,2.2565,37.78,-122.47,4.167
16134,3.6148,46.0,4.2523,1.0193,1783.0,2.2947,37.78,-122.49,3.522
16135,9.1881,52.0,7.2555,1.0396,546.0,2.4053,37.79,-122.48,5.0
16149,3.8571,52.0,5.0449,1.0193,1350.0,2.1669,37.77,-122.47,3.667
16166,3.7167,46.0,4.6998,1.0782,1418.0,2.5187,37.78,-122.5,3.328
16196,3.3466,52.0,5.7335,0.9436,694.0,2.1755,37.96,-121.31,0.926
16220,3.1406,33.0,5.4486,1.0149,1698.0,2.5306,37.97,-121.35,0.939
16229,3.5703,43.0,4.7219,0.9125,721.0,2.2531,37.97,-121.33,0.874
16237,2.5043,49.0,4.5473,1.0273,1171.0,2.1291,37.98,-121.29,0.767
16245,2.1265,32.0,4.4363,1.1111,2050.0,2.7778,37.98,-121.26,0.557
16248,2.1429,52.0,5.5029,1.076,414.0,2.4211,37.98,-121.28,0.699
16282,2.551,37.0,4.8405,1.1245,1854.0,3.607,37.93,-121.29,0.591
16283,2.7829,24.0,4.2047,1.0263,1294.0,3.7836,37.93,-121.29,0.618
16311,4.0444,32.0,5.9923,1.0618,1642.0,2.5379,38.0,-121.34,1.292
16313,5.9191,36.0,6.8128,1.0197,531.0,2.6158,38.01,-121.33,1.519
16334,5.5427,4.0,6.5703,0.9523,1234.0,3.2732,38.04,-121.36,1.621
16354,3.7413,24.0,5.5556,1.0346,1743.0,3.1749,38.03,-121.31,1.053
16424,2.6842,44.0,5.1696,1.0089,1094.0,4.8839,37.88,-121.38,1.563
16481,3.6398,27.0,5.9527,1.0518,1455.0,3.277,38.21,-121.32,1.467
16505,3.6016,21.0,5.3878,1.0771,1175.0,2.6644,37.74,-121.13,1.346
16536,4.075,7.0,6.3988,1.077,2553.0,3.1714,37.79,-121.24,1.95
16548,3.1964,13.0,4.7513,1.0128,2740.0,2.9242,37.82,-121.22,1.415
16551,4.9271,14.0,5.9773,1.0518,1030.0,3.3333,37.82,-121.23,1.553
16571,4.8021,45.0,5.9275,1.0435,340.0,2.4638,37.74,-121.42,1.335
16623,2.7266,28.0,6.1319,1.2567,1650.0,2.3404,35.36,-120.83,2.668
16633,3.526,17.0,5.7336,1.0956,1656.0,2.2623,35.32,-120.84,1.839
16638,3.2112,20.0,6.5173,1.3538,1309.0,2.5173,35.6,-121.1,2.045
16665,4.6071,14.0,5.6747,1.0271,1884.0,2.8373,35.28,-120.7,2.399
16698,2.1042,19.0,5.8848,1.4572,704.0,2.6171,35.1,-120.66,2.683
16728,5.2508,12.0,7.1382,1.0438,1433.0,3.3018,35.5,-120.71,2.929
16730,3.0602,29.0,6.2462,1.2955,671.0,2.5417,35.2,-119.93,0.698
16741,4.9318,6.0,5.7944,1.0921,1705.0,2.8043,37.7,-122.44,2.581
16830,4.4286,35.0,5.8307,1.0906,747.0,2.9409,37.62,-122.54,2.621
16856,3.2216,39.0,4.4813,1.0891,1807.0,2.5963,37.62,-122.41,2.427
16894,6.471,52.0,6.7294,0.9868,772.0,2.5479,37.58,-122.38,5.0
16903,3.5125,20.0,3.6741,1.1894,1352.0,1.883,37.59,-122.36,3.506
16922,3.4836,27.0,3.5549,1.0235,2518.0,1.7402,37.58,-122.33,2.879
16923,3.38,28.0,4.0642,1.0745,1534.0,2.2394,37.58,-122.33,2.854
16945,4.4583,44.0,5.8135,1.1108,849.0,2.2946,37.55,-122.32,3.971
16949,6.7042,18.0,6.1972,1.0483,1784.0,2.4607,37.53,-122.33,4.13
16959,2.9405,39.0,4.3485,1.1114,1758.0,1.7812,37.54,-122.3,3.405
16963,4.75,46.0,6.0796,0.9876,952.0,2.3682,37.54,-122.31,3.882
16969,3.1842,42.0,4.6923,1.0567,465.0,1.8826,37.54,-122.31,3.528
16980,4.7917,36.0,5.9702,1.0819,1189.0,2.9504,37.57,-122.3,2.761
17023,8.4693,26.0,6.9931,1.0225,1611.0,2.7872,37.52,-122.32,4.192
17057,4.8966,45.0,6.1766,1.0419,1722.0,2.5778,37.48,-122.24,3.621
17088,3.3268,23.0,4.4406,1.1147,4124.0,2.366,37.47,-122.22,3.228
17096,4.2232,33.0,6.1897,1.0867,1015.0,2.377,37.46,-122.23,3.637
17108,15.0001,32.0,8.845,1.0351,1318.0,2.7231,37.44,-122.22,5.0
17131,3.6712,30.0,3.66,1.0846,2678.0,2.3348,37.46,-122.15,3.086
17180,6.1896,19.0,5.923,1.0025,2199.0,2.7317,37.5,-122.53,3.311
17219,7.7261,32.0,7.0683,1.0797,1304.0,2.4744,34.47,-119.7,5.0
17237,3.8456,27.0,5.6272,1.0817,2591.0,2.6466,34.43,-119.66,5.0
17251,2.5978,52.0,2.6491,0.9825,392.0,3.4386,34.42,-119.69,2.583
17264,2.6538,31.0,3.3571,1.0357,997.0,3.237,34.41,-119.71,2.318
17272,3.6823,18.0,4.0033,1.0359,694.0,2.268,34.41,-119.71,2.55
17299,2.0625,15.0,4.5388,1.0449,411.0,1.6776,34.4,-119.51,3.143
17322,2.5743,9.0,6.587,1.2961,832.0,2.161,34.59,-120.14,3.098
17326,4.2222,18.0,6.4363,1.1626,1048.0,2.8401,34.64,-120.08,3.75
17330,2.8906,11.0,7.9189,1.6892,317.0,4.2838,34.61,-120.09,0.844
17411,2.4318,5.0,4.3361,0.973,1911.0,3.9647,34.97,-120.64,0.861
17420,0.8106,16.0,3.43,1.085,614.0,3.07,34.64,-120.46,0.833
17427,2.3333,32.0,5.817,1.1406,1074.0,2.8488,34.65,-120.47,1.302
17440,4.5417,22.0,5.5611,0.9449,1739.0,2.9931,34.66,-120.44,1.424
17449,5.3765,15.0,6.503,1.1488,827.0,2.4613,34.74,-120.46,2.231
17487,3.0773,15.0,3.9103,0.9103,669.0,1.7652,34.43,-119.82,1.125
17494,9.6885,20.0,8.1684,1.0921,1061.0,2.7921,34.4,-119.79,5.0
17522,4.05,34.0,4.1915,0.9362,152.0,3.234,37.33,-121.9,2.0
17534,2.1442,52.0,3.9489,1.0369,921.0,2.6165,37.34,-121.88,1.889
17537,3.2599,47.0,4.7508,1.0413,2229.0,3.6782,37.35,-121.89,1.831
17561,2.1149,43.0,5.3641,1.1699,982.0,4.767,37.32,-121.89,1.849
17583,5.0477,16.0,4.2305,0.9719,1285.0,2.5752,37.3,-121.93,2.925
17585,4.0524,13.0,4.0749,1.0473,2946.0,1.9892,37.31,-121.92,2.139
17590,4.7287,46.0,5.1729,0.9949,1373.0,2.3271,37.31,-121.91,3.4
17696,3.3833,20.0,4.5552,1.1271,1729.0,4.7762,37.29,-121.83,1.152
17722,5.6345,18.0,5.6246,0.9564,2381.0,3.7087,37.33,-121.79,2.31
17743,6.6455,16.0,7.1696,0.9913,769.0,3.3435,37.31,-121.77,3.026
17801,5.3774,22.0,7.0192,1.0135,1637.0,3.1481,37.38,-121.79,3.256
17805,4.5187,16.0,4.6053,1.0746,722.0,3.1667,37.38,-121.87,1.635
17812,5.4225,17.0,5.4012,0.997,1235.0,3.7538,37.39,-121.86,2.581
17847,4.3807,23.0,4.9221,0.9954,2183.0,3.3328,37.41,-121.88,2.269
17935,3.3333,42.0,4.6898,1.0891,659.0,2.1749,37.35,-121.95,2.379
17954,6.1388,30.0,5.9303,1.0032,1721.0,2.7274,37.33,-121.98,3.024
18057,5.7876,33.0,6.1176,0.9963,759.0,2.7904,37.27,-122.0,4.158
18072,5.7295,35.0,5.645,0.9748,1449.0,2.6108,37.28,-122.0,3.461
18078,10.675,28.0,7.9688,0.9854,1415.0,2.9479,37.27,-122.01,5.0
18088,8.0158,13.0,6.2986,1.0116,891.0,2.5826,37.33,-122.07,4.2
18106,8.0837,25.0,7.5872,1.0338,1699.0,3.1876,37.3,-122.01,3.806
18133,6.0577,25.0,6.12,1.026,2338.0,2.6478,37.34,-122.03,4.518
18136,5.1674,20.0,5.1545,1.0192,2059.0,2.4659,37.35,-122.0,3.33
18138,5.2108,31.0,5.8462,1.0839,1604.0,2.8042,37.34,-122.0,3.515
18167,3.5154,19.0,3.3053,1.0642,1930.0,1.6739,37.35,-122.03,3.114
18226,2.8203,8.0,3.3258,0.9303,856.0,1.9236,37.41,-122.09,2.841
18232,3.4198,27.0,3.448,1.0789,2764.0,1.865,37.41,-122.11,3.519
18236,3.9091,19.0,3.5574,0.9443,1009.0,3.3082,37.4,-122.1,2.76
18252,5.0871,36.0,5.082,1.0027,794.0,2.1694,37.39,-122.1,3.545
18283,10.3591,33.0,7.6369,1.0096,832.0,2.6497,37.35,-122.08,5.0
18294,7.6229,35.0,7.2251,1.0205,881.0,2.576,37.39,-122.1,5.0
18320,6.7257,37.0,6.9127,1.0,933.0,2.8102,37.45,-122.13,5.0
18345,4.0686,18.0,3.4333,0.9383,1144.0,1.9067,37.43,-122.14,3.786
18350,7.0309,29.0,5.4368,1.1839,359.0,4.1264,37.41,-122.15,4.75
18414,4.2083,9.0,5.0264,1.1262,1856.0,2.5742,37.27,-121.84,1.984
18449,6.3178,19.0,6.4268,1.0415,1497.0,3.6512,37.23,-121.81,2.48
18465,4.7386,21.0,5.7405,0.9676,631.0,3.4108,37.16,-121.72,3.941
18471,4.175,14.0,5.6047,1.046,2823.0,2.8836,37.14,-121.64,2.298
18474,3.8788,20.0,5.1401,1.0608,2656.0,3.0494,37.13,-121.66,2.269
18505,9.5908,37.0,4.3529,1.1176,63.0,3.7059,37.14,-121.98,3.5
18556,4.4567,36.0,5.1154,1.0,1080.0,2.967,36.95,-122.04,2.638
18561,3.9667,27.0,5.793,1.0904,961.0,2.8017,36.95,-122.04,2.658
18568,3.6,48.0,4.9889,0.9778,1071.0,2.9668,36.92,-121.75,1.945
18575,2.8348,8.0,3.7813,1.0446,2580.0,3.5933,36.91,-121.77,1.62
18592,4.9792,26.0,5.6633,1.0,543.0,2.7286,37.13,-122.07,2.4
18613,4.1679,41.0,6.6175,1.3716,915.0,2.5,37.05,-122.05,2.013
18620,5.2078,30.0,6.3323,1.0427,816.0,2.4878,37.0,-122.03,4.405
18626,7.736,21.0,7.0,1.0469,913.0,2.6774,37.11,-121.95,3.977
18636,5.9039,21.0,6.4454,1.0437,2616.0,2.8559,37.03,-122.01,3.553
18677,4.9219,7.0,6.0905,1.1168,1375.0,2.2615,36.95,-121.87,3.684
18703,1.5676,43.0,4.3965,1.0586,1479.0,2.8887,40.57,-122.38,0.582
18720,2.4079,7.0,4.0359,1.0413,2557.0,1.993,40.6,-122.37,1.114
18789,3.3005,12.0,5.9202,1.0986,1970.0,3.0829,40.39,-122.37,0.985
18793,4.5357,13.0,5.8505,0.9437,1361.0,2.6427,40.52,-122.66,1.712
18822,2.065,26.0,10.5833,2.0556,498.0,2.3056,39.52,-120.51,0.961
18841,2.2024,29.0,5.2713,1.0823,848.0,2.5854,41.53,-122.56,0.609
18872,5.2957,18.0,6.4839,1.0198,3205.0,3.0293,38.09,-122.2,1.719
18874,3.436,37.0,5.5168,1.03,2920.0,3.5096,38.08,-122.22,0.948
18919,4.6776,34.0,5.7541,1.0118,926.0,2.1891,38.05,-122.16,2.083
18929,3.2891,27.0,5.2403,1.0663,1756.0,2.4254,38.05,-122.14,1.506
18936,5.3345,4.0,7.2093,1.0903,1497.0,3.2974,38.16,-122.14,1.761
18940,5.0672,14.0,7.0757,1.0184,3196.0,3.2679,38.27,-122.06,1.713
18958,2.7885,34.0,4.3841,0.9986,1795.0,2.5533,38.26,-122.04,1.059
18967,3.1389,35.0,4.8139,0.9529,1177.0,2.9206,38.25,-122.03,1.011
18988,1.0208,25.0,3.5,0.9231,71.0,1.3654,38.38,-121.94,0.786
18996,2.7051,26.0,5.6022,1.1253,933.0,2.5422,38.37,-121.92,1.938
19002,4.2324,9.0,6.1187,1.0698,2687.0,3.2889,38.34,-121.95,1.421
19031,6.4894,16.0,7.3817,0.9793,1118.0,3.3077,38.37,-122.02,1.98
19101,2.875,20.0,4.7677,1.0379,826.0,2.0859,38.25,-122.62,1.891
19114,6.2034,22.0,6.5323,1.0267,1283.0,2.8575,38.21,-122.63,2.911
19145,2.6033,22.0,4.0552,1.0877,699.0,2.2695,38.34,-122.71,1.216
19153,3.1781,23.0,4.9264,1.0557,1493.0,2.6804,38.34,-122.71,1.62
19212,2.9663,39.0,4.8137,1.007,1223.0,2.1494,38.45,-122.71,1.854
19269,3.7132,15.0,5.1908,1.097,1629.0,2.5898,38.43,-122.73,1.676
19302,4.7422,32.0,5.8653,1.049,752.0,3.0694,38.39,-122.82,2.409
19311,5.7664,16.0,6.003,1.0982,931.0,2.7708,38.38,-122.89,2.675
19323,1.9265,44.0,6.8809,1.5872,1112.0,2.366,38.5,-122.97,1.327
19352,2.9792,37.0,5.3937,1.1429,863.0,3.007,38.73,-122.95,1.513
19363,2.7171,38.0,8.2955,1.767,569.0,3.233,38.7,-123.24,1.313
19391,2.2679,25.0,3.9717,0.9623,303.0,2.8585,37.78,-120.85,0.713
19411,5.7476,19.0,8.0454,1.1728,1412.0,3.0497,37.73,-120.97,2.486
19428,3.2447,12.0,4.9369,1.0286,4656.0,2.5127,37.7,-121.01,1.422
19472,3.3368,16.0,4.9464,1.0615,1370.0,2.7183,37.68,-120.97,1.212
19484,2.5,36.0,5.5067,1.1133,432.0,2.88,37.65,-120.98,1.031
19514,2.5313,46.0,4.8161,1.0496,1210.0,2.5,37.62,-121.03,0.777
19524,0.9573,19.0,2.9512,1.0,658.0,16.0488,37.64,-121.0,1.625
19531,2.1458,40.0,5.5621,1.1149,679.0,2.1087,37.64,-120.98,1.303
19630,1.6445,18.0,3.9733,1.0281,1751.0,2.4593,37.53,-120.86,1.569
19632,2.5938,45.0,5.5556,0.9841,187.0,2.9683,37.55,-120.85,2.75
19639,3.1641,18.0,5.4772,1.0182,1110.0,3.3739,37.55,-120.8,0.963
19664,3.5547,25.0,6.1724,1.092,882.0,3.3793,37.49,-120.82,1.224
19684,1.6902,41.0,4.3142,1.1047,1202.0,2.3755,39.14,-121.62,0.615
19703,4.2656,13.0,5.7939,0.9828,3294.0,2.9783,39.12,-121.64,1.107
19714,1.5281,29.0,5.0959,1.0959,1137.0,3.1151,39.29,-121.68,0.616
19773,3.1319,27.0,5.4772,1.1269,625.0,3.1726,39.97,-122.14,0.627
19950,3.5611,12.0,6.1754,1.0846,2191.0,2.7251,36.23,-119.34,0.902
19980,2.4554,30.0,4.5945,0.9808,1159.0,3.1753,36.2,-119.08,0.612
19986,2.3152,25.0,5.4128,1.055,1424.0,3.2661,36.21,-119.32,0.631
19994,2.4922,24.0,4.7319,0.9638,889.0,3.221,36.19,-119.37,0.661
20020,1.5893,17.0,4.2443,1.0663,1912.0,3.0939,36.07,-119.04,0.52
20078,2.6094,20.0,6.8026,1.3553,647.0,2.8377,38.03,-120.39,1.391
20113,3.4861,17.0,17.3,6.5,51.0,2.55,37.94,-119.57,1.375
20116,2.4922,19.0,5.2387,1.0865,1208.0,2.2707,37.95,-120.42,0.987
20118,3.625,22.0,5.1616,0.9798,517.0,2.6111,37.92,-120.4,0.994
20133,3.2024,30.0,4.8823,1.0461,2065.0,3.5239,34.4,-118.91,1.761
20138,2.6991,50.0,4.8093,1.0973,1079.0,4.1984,34.4,-119.05,1.813
20195,3.445,8.0,4.7841,1.1355,3012.0,2.9158,34.27,-119.2,2.034
20207,4.2381,22.0,5.7778,1.0049,1650.0,2.6961,34.27,-119.23,2.293
20224,2.6333,41.0,3.7242,1.0567,1052.0,2.7113,34.29,-119.3,1.708
20259,2.3077,40.0,3.1032,0.914,1843.0,5.2808,34.2,-119.17,1.069
20275,4.7443,15.0,5.6252,1.0252,2216.0,3.283,34.19,-119.21,2.295
20276,5.035,15.0,5.6479,0.995,2754.0,2.7706,34.19,-119.21,2.429
20321,2.7556,26.0,4.7012,1.1166,3700.0,3.1952,34.23,-119.16,2.132
20344,3.0219,29.0,5.8909,1.0604,2591.0,4.3473,34.23,-119.06,2.217
20384,5.9224,24.0,6.3494,1.0069,1898.0,3.2668,34.18,-118.94,2.394
20438,7.2137,17.0,8.2407,1.0332,761.0,3.1577,34.26,-118.79,4.019
20566,4.3487,29.0,5.9307,1.0262,1554.0,2.9101,38.65,-121.84,2.007
20590,1.684,41.0,4.2266,0.9915,804.0,2.2776,39.14,-121.59,0.713
20616,2.0469,15.0,4.8267,1.176,1157.0,3.0853,39.08,-121.53,0.551
20621,2.3661,37.0,7.9236,1.5732,484.0,3.0828,39.01,-121.47,0.775
20623,2.8235,32.0,5.1013,1.0749,598.0,2.6344,39.03,-121.37,0.655
20626,2.1667,36.0,6.5731,1.076,504.0,2.9474,39.18,-121.43,0.938
20629,2.0943,28.0,5.5198,1.0209,6912.0,3.802,39.12,-121.39,1.083
