word,d0,d1,d2,d3,d4,d5,d6,d7,d8,d9,d10,d11,d12,d13,d14,d15,d16,d17,d18,d19,d20,d21,d22,d23,d24,d25,d26,d27,d28,d29,d30,d31,d32,d33,d34,d35,d36,d37,d38,d39,d40,d41,d42,d43,d44,d45,d46,d47,d48,d49
king,0.505,0.686,-0.595,-0.023,0.600,-0.135,-0.088,0.474,-0.618,-0.310,-0.077,1.493,-0.034,-0.982,0.682,0.817,-0.519,-0.315,-0.558,0.664,0.196,-0.135,-0.115,-0.303,0.412,-2.223,-1.076,-1.078,-0.344,0.335,1.993,-0.042,-0.643,0.711,0.492,0.168,0.343,-0.257,-0.852,0.166,0.401,1.169,-1.014,-0.216,-0.152,0.783,-0.912,-1.611,-0.644,-0.510
queen,0.379,1.823,-1.265,-0.104,0.358,0.600,-0.175,0.838,-0.057,-0.758,0.227,0.986,0.606,-0.314,0.289,0.560,-0.775,0.071,-0.574,0.213,0.577,0.387,-0.126,0.280,0.281,-1.805,-1.042,-0.193,-0.554,-0.055,1.557,0.393,-0.247,0.343,0.454,0.162,0.525,-0.070,-0.837,-1.033,0.459,0.253,-0.178,-0.734,-0.200,0.235,-0.561,-2.284,0.009,-0.603
man,-0.094,0.430,-0.172,-0.455,1.645,0.403,-0.373,0.251,-0.106,0.108,-0.108,0.152,-0.654,0.551,0.596,-0.463,0.118,0.644,-0.709,0.239,-0.829,1.272,0.033,0.293,0.391,-2.809,-0.707,0.411,0.389,-0.291,2.612,-0.346,-0.168,0.252,0.312,0.316,0.125,-0.013,0.223,-0.566,-0.086,0.625,-0.058,0.294,0.660,-0.531,-0.482,-0.979,0.531,-0.117
woman,-0.182,0.648,-0.582,-0.495,1.542,1.345,-0.433,0.581,0.356,-0.252,0.203,-0.716,0.306,0.561,0.839,-0.381,-0.909,0.433,-0.014,0.237,-0.538,1.777,-0.066,0.698,0.693,-2.674,-0.768,0.339,0.197,-0.352,2.292,-0.274,-0.302,0.001,0.169,0.091,-0.024,0.036,0.345,-0.839,-0.252,0.421,0.486,0.022,0.558,-0.852,-0.231,-1.314,0.488,-0.105
prince,0.988,1.454,-0.531,0.105,0.841,0.140,0.067,1.334,-0.758,-0.352,0.166,1.002,0.020,-0.664,0.093,0.251,-0.163,-0.120,-0.501,0.674,0.669,-0.039,0.202,-0.152,0.122,-1.832,-0.857,-0.625,-0.319,0.602,1.411,0.502,-0.114,0.518,0.847,0.176,-0.035,0.564,-0.385,0.603,0.343,1.184,-0.372,-1.107,0.000,-0.182,-1.370,-1.497,0.406,-0.424
princess,1.499,1.605,-1.170,0.696,0.635,1.080,-0.153,1.097,-0.128,-0.746,0.596,0.765,0.187,-0.472,0.723,0.484,-1.433,-0.033,-0.165,0.382,0.713,0.895,-0.261,0.441,0.523,-1.242,-1.840,-0.102,-0.081,-0.088,0.913,0.694,0.262,1.092,0.660,-0.192,-0.028,-0.139,-0.546,-0.757,0.454,0.066,0.498,-1.270,0.109,-0.466,-0.657,-2.068,0.723,-0.355
boy,-0.323,0.233,-0.201,-0.528,1.093,0.624,-0.999,0.281,0.088,0.369,0.322,0.350,0.067,0.242,0.926,-0.326,-0.991,0.808,-0.228,0.401,-0.858,1.384,0.056,0.766,0.361,-2.069,-0.467,0.124,0.351,-0.771,2.206,-0.426,-0.243,0.383,0.607,0.628,0.318,-0.885,0.383,-1.146,-0.419,0.261,-0.657,-0.115,1.059,-0.611,0.322,-1.318,0.317,0.025
girl,-0.345,0.696,-0.781,-0.585,1.226,1.254,-0.765,0.406,0.189,0.099,0.326,-0.318,0.239,0.336,1.059,-0.253,-1.031,0.700,0.030,0.539,-0.303,1.752,0.313,1.210,0.413,-1.942,-0.938,0.325,0.522,-0.867,2.126,-0.204,-0.191,0.377,0.662,0.502,-0.125,-0.831,0.212,-1.309,-0.450,-0.116,0.034,-0.684,0.994,-0.883,0.566,-1.327,0.373,0.022
father,0.095,0.704,-0.408,-0.808,1.256,0.771,-1.069,0.768,-0.878,-0.008,0.439,1.048,-0.451,-0.589,0.832,-0.038,-0.735,0.264,0.126,0.576,-0.239,1.092,-0.337,0.082,0.848,-2.479,-0.404,-0.841,0.120,0.291,1.971,-0.509,-0.460,-0.136,0.556,0.229,-0.189,0.435,0.652,0.044,-0.116,0.722,-0.662,-0.173,0.274,-0.282,-0.820,-1.509,0.053,-0.036
mother,0.434,1.073,-0.620,-0.807,1.252,1.377,-0.935,0.761,-0.006,-0.064,0.303,0.524,0.284,-0.382,0.988,0.093,-1.146,0.071,0.580,0.506,-0.240,1.734,0.021,0.437,1.215,-2.248,-0.412,-0.249,0.312,-0.495,2.044,-0.012,-0.196,0.086,0.277,0.016,0.007,0.128,0.870,-0.406,-0.211,0.417,-0.022,-0.536,0.541,-0.434,-0.525,-2.028,0.131,0.117
brother,0.382,0.565,0.172,-0.328,1.181,0.641,-0.755,0.761,-0.845,0.068,0.405,1.317,-1.039,-0.361,0.742,-0.208,-0.460,0.030,-0.230,0.596,-0.486,0.699,0.166,0.215,0.252,-2.065,-0.204,-1.169,-0.126,0.165,1.524,-0.328,-0.429,-0.118,0.777,0.264,-0.000,0.413,0.349,0.242,-0.094,1.123,-0.858,-0.478,0.457,-0.233,-0.938,-1.723,0.091,0.195
sister,0.738,1.294,-0.011,0.093,0.576,1.291,-1.051,0.578,-0.144,-0.462,0.483,0.557,-0.329,-0.192,0.310,0.080,-1.298,0.185,0.524,0.668,-0.076,1.435,0.189,0.986,0.674,-1.413,-0.331,-0.363,-0.148,-0.612,1.711,0.174,0.234,0.026,0.158,-0.502,-0.038,-0.001,0.288,-0.573,0.134,0.023,0.070,-0.967,0.143,-0.266,-0.634,-2.016,0.024,0.592
uncle,0.308,0.509,-0.023,-0.664,0.956,0.436,-0.686,0.740,-0.880,0.026,-0.132,1.586,-0.126,-0.400,0.745,-0.096,-0.341,0.299,0.240,0.436,-0.229,0.216,-0.137,0.272,0.642,-1.670,-0.520,-1.078,0.433,0.137,0.977,-0.270,-0.325,0.468,0.578,0.511,-0.176,0.211,0.391,0.107,-0.054,0.956,-0.996,-0.136,0.466,-0.086,-0.642,-1.867,0.019,0.388
aunt,0.707,1.092,-0.456,-0.509,0.343,1.165,-0.907,0.687,-0.092,0.009,-0.305,1.112,0.617,-0.438,0.717,0.136,-1.087,-0.078,0.904,0.556,-0.020,1.199,0.266,0.398,1.204,-1.122,-0.822,-0.138,0.571,-0.532,0.545,0.162,-0.031,0.740,0.421,-0.002,-0.389,0.135,0.861,-0.451,-0.137,0.666,-0.156,-0.651,0.254,-0.148,-0.281,-1.955,0.410,0.404
husband,0.397,0.598,0.111,-0.454,1.276,1.605,-1.066,0.195,-0.607,0.008,-0.079,0.372,-0.255,-0.455,1.238,0.054,-0.662,0.064,0.307,0.371,0.129,1.775,-0.068,-0.264,0.854,-1.918,0.075,-0.324,0.381,0.022,1.680,0.148,-0.160,-0.087,0.250,0.030,-0.125,0.307,0.697,-0.403,-0.169,0.881,-0.159,-0.338,-0.139,-0.975,-0.882,-1.458,0.298,0.234
wife,0.577,1.140,-0.219,-0.290,1.115,1.572,-0.933,0.646,-0.465,-0.517,-0.151,0.428,-0.167,-0.699,1.132,0.011,-1.074,-0.034,0.696,0.577,0.188,1.832,0.188,0.019,0.793,-2.219,-0.059,-0.313,-0.134,-0.285,1.645,-0.106,-0.174,0.125,0.350,-0.214,-0.060,0.454,0.623,-0.512,-0.093,0.768,0.069,-0.734,0.248,-0.859,-1.008,-2.072,0.232,0.370
france,0.666,0.298,-1.047,-0.669,-0.781,-0.000,-0.179,0.371,-0.186,-0.405,0.986,-0.605,-0.946,-0.692,0.567,-0.386,0.028,-1.246,-0.736,-0.522,-0.062,0.168,-0.375,0.422,-0.631,-1.636,-0.251,0.045,-0.398,0.981,2.629,0.835,-0.773,0.394,-0.580,-1.029,-0.267,0.987,-0.510,-0.425,1.396,-0.029,2.229,-1.708,0.026,0.691,-0.579,-0.178,0.429,-0.539
paris,0.770,1.181,-1.130,-0.747,-0.597,-1.052,-0.466,0.270,-0.992,-0.049,0.286,-0.753,-1.057,-0.192,0.572,-0.244,-0.361,-0.709,-0.920,-0.270,1.513,1.031,-0.557,0.530,-0.715,-1.095,-0.606,0.313,-0.445,0.559,2.143,0.434,-0.553,-0.243,-0.437,-0.960,0.258,0.794,0.371,0.496,0.844,-0.259,1.562,-1.120,0.092,0.077,-0.451,-0.861,0.976,-0.356
italy,1.770,-0.778,-0.953,0.329,0.040,-0.086,-0.096,-0.145,-0.854,-0.091,0.718,-0.838,-0.717,-0.301,1.259,-0.727,-0.264,-0.175,-0.577,0.335,-0.515,-0.432,-0.802,0.946,0.010,-1.326,0.596,-0.128,-1.019,0.256,2.609,0.880,-0.304,0.317,-0.661,-0.160,-0.287,1.449,-0.602,-0.648,0.379,0.186,1.273,-1.221,-0.209,1.195,-0.180,-0.353,0.445,-0.837
rome,1.733,0.745,-0.909,-0.619,0.115,-1.353,-0.045,0.150,-1.233,-0.086,-0.088,-0.291,-0.658,-0.532,1.101,-0.514,-0.785,-0.301,-0.559,0.931,0.046,-0.078,-0.666,0.375,0.002,-1.264,0.078,-0.121,-1.029,-0.047,1.771,0.285,-0.482,-0.506,-0.706,-0.067,0.497,0.955,-0.301,0.622,0.450,0.005,0.525,-0.232,-0.328,0.801,-0.482,-0.585,-0.114,-0.829
spain,1.159,0.213,-0.363,1.012,-0.185,-0.302,-0.351,0.853,-0.716,0.350,1.140,-0.582,-0.338,-0.361,1.104,-0.853,-0.379,-1.208,-0.442,0.100,-1.016,-0.766,-0.601,0.764,-0.210,-1.059,0.487,-0.637,-0.356,0.304,2.643,0.529,-0.641,0.111,-0.442,-0.544,-0.676,0.697,-0.371,-0.193,0.542,0.299,1.409,-1.291,-0.578,0.524,-0.446,-0.620,0.562,-0.944
madrid,1.331,0.722,-0.060,0.439,0.184,-1.508,-0.481,0.460,-1.409,1.270,0.680,-0.592,-1.633,-0.304,0.877,-0.755,-0.376,-0.536,-1.067,0.455,-0.667,0.430,-0.695,0.675,-0.938,-0.679,1.110,0.376,-0.369,-0.083,2.035,0.963,-0.566,-0.779,-0.107,-0.141,0.074,0.623,0.204,0.008,0.711,0.015,0.532,-0.823,-0.351,0.309,-0.065,0.237,1.469,-0.935
germany,0.311,0.056,0.273,-0.794,0.153,0.685,-0.043,0.232,-0.910,-0.712,1.165,-1.123,-1.266,-0.326,0.967,0.259,0.577,-0.552,-0.740,0.576,0.675,-1.134,-0.745,0.749,-0.204,-2.082,0.081,-0.299,-0.648,0.176,2.432,0.794,0.405,-0.012,-1.183,-0.915,-0.014,1.425,-0.327,-0.209,0.764,-0.553,1.566,-1.409,0.517,0.405,-0.070,0.299,-0.342,-0.290
berlin,0.438,0.786,-0.197,-1.337,-0.078,-0.379,-0.191,0.313,-0.993,-0.501,0.158,-0.998,-1.070,0.473,0.513,0.069,0.472,-0.094,-0.924,0.935,1.672,-0.389,-0.691,0.517,-0.285,-1.581,-0.440,0.386,-0.971,-0.346,1.527,0.384,0.157,-0.663,-1.393,-0.447,0.808,0.950,0.221,0.374,0.476,-0.452,0.487,-1.253,0.032,0.358,-0.074,-0.098,-0.278,-0.084
japan,-0.317,-0.140,0.323,1.072,0.330,0.394,-0.017,0.077,-0.746,-0.315,1.003,-0.127,0.063,0.640,0.707,0.843,-0.688,0.472,-0.660,0.740,1.112,-0.894,-0.904,-0.473,0.885,-2.019,0.306,-0.317,-0.444,-0.521,3.029,0.703,0.923,0.523,-0.627,-0.590,-0.159,-0.078,-1.079,-0.716,-1.276,-0.856,1.283,-1.213,1.012,0.403,-0.163,0.991,0.031,-0.354
tokyo,-0.312,0.195,0.191,0.684,0.292,-0.899,0.226,0.178,-1.477,-0.092,0.090,-0.945,-0.194,0.581,0.202,0.992,-1.031,0.425,-1.142,0.720,2.156,-0.142,-0.930,-0.281,-0.011,-1.679,0.444,0.547,-0.714,-0.677,2.339,0.286,1.406,-0.008,-0.153,-1.115,0.241,-0.659,-0.045,0.047,-1.140,-0.448,0.918,-0.740,1.051,0.053,0.134,0.623,0.614,-0.097
england,-0.362,-0.106,-1.117,-0.673,-0.165,0.069,-1.173,0.717,0.166,-0.758,-0.147,0.358,-0.691,-1.205,0.152,0.636,0.874,-0.615,-1.747,0.353,0.022,0.390,0.021,0.742,0.002,-1.353,0.588,-0.430,-0.517,0.623,2.815,0.302,0.787,-0.080,0.987,0.276,0.487,0.592,-0.368,-1.206,0.368,-0.118,-0.041,0.162,-0.204,1.843,-0.395,-0.378,0.140,-0.778
london,0.033,0.996,-0.698,-0.584,0.053,-0.358,-0.967,-0.048,-0.234,-0.316,-0.080,0.008,-0.692,-0.194,0.041,0.745,0.079,-0.139,-1.594,0.338,2.554,0.876,-0.160,0.858,-0.682,-1.395,0.132,0.101,-0.746,0.674,2.562,-0.199,0.768,-0.487,0.397,-0.625,0.635,-0.199,-0.095,-0.225,0.617,-0.220,0.258,-0.394,0.476,0.577,-0.557,-0.626,0.608,-0.310
russia,0.321,1.014,0.504,0.423,-0.017,0.422,0.786,1.208,-0.829,-0.125,0.727,-0.686,-0.169,0.900,0.439,0.244,0.050,-0.240,0.351,0.694,0.475,-0.801,-0.116,-0.333,0.356,-2.539,0.379,0.053,0.546,0.131,2.735,0.455,-0.130,-0.107,-1.217,-0.574,-0.764,1.282,-0.959,0.005,0.202,-0.315,2.178,-1.720,0.112,0.626,-0.877,0.935,-0.758,-0.494
moscow,0.364,1.494,0.259,-0.378,-0.375,-0.836,0.529,1.382,-1.365,-0.162,0.289,-1.149,-0.492,0.787,0.094,0.407,-0.266,0.361,-0.203,0.828,1.157,-0.027,-0.574,0.114,-0.539,-2.252,0.228,0.714,-0.055,-0.028,2.042,0.307,-0.246,-0.911,-0.983,-0.334,0.068,0.682,-0.172,0.659,0.275,-0.164,1.099,-1.204,0.062,0.176,-0.624,0.968,-0.565,-0.457
india,-0.204,-0.871,-0.192,0.739,0.185,0.149,0.481,-0.216,0.728,-0.369,0.134,-0.114,-0.181,-0.647,-0.185,0.836,0.482,0.760,-0.504,0.807,1.220,0.346,0.222,0.313,1.207,-1.844,0.141,-0.997,-1.140,0.323,3.213,0.427,0.195,0.801,0.386,-0.126,-0.265,0.055,-1.156,0.168,-0.822,0.204,0.089,-0.601,-0.033,1.373,-0.517,0.296,0.240,-1.380
delhi,0.182,-0.284,-0.255,0.229,-0.444,-0.545,0.677,-0.277,0.069,-0.691,-0.311,-0.536,-0.320,-0.409,-0.342,1.479,-0.034,1.088,-0.397,1.266,1.823,0.976,0.183,0.555,0.630,-1.547,0.343,-0.297,-1.202,0.018,1.730,0.545,-0.085,0.153,0.729,0.050,0.483,-0.268,-0.542,0.972,-0.938,0.360,-0.305,-0.110,-0.070,0.782,-0.275,0.502,0.422,-1.125
china,-0.224,0.274,0.055,1.469,0.062,-0.519,0.450,-0.322,0.579,-0.049,0.525,-0.188,0.525,-0.058,0.197,0.308,-0.454,0.383,0.334,0.428,0.984,-0.764,-0.067,-1.003,1.194,-2.392,0.243,-0.407,-0.634,-0.208,3.885,0.750,0.149,0.245,-1.014,-0.764,-0.638,0.730,-1.202,0.189,-1.214,-0.554,1.303,-0.825,0.997,0.151,-0.658,0.286,0.454,-0.856
beijing,-0.275,0.869,-0.223,1.027,-0.525,-1.104,0.463,0.142,0.059,-0.265,0.094,-0.863,0.166,-0.028,0.369,0.653,-0.629,0.558,0.115,0.263,1.329,-0.267,-0.074,-0.406,0.896,-2.333,0.395,0.089,-0.877,-0.476,2.692,0.885,-0.210,-0.545,-0.892,-0.712,0.241,0.732,-1.059,0.431,-1.063,-0.422,0.578,-0.386,1.218,-0.378,-0.510,0.138,0.388,-0.460
egypt,0.757,0.817,-0.257,-0.036,-0.011,-0.690,0.102,0.412,0.334,0.260,0.233,-0.321,-0.442,-0.249,0.299,0.857,0.615,-0.909,0.098,1.860,0.371,0.351,0.623,0.006,0.093,-1.633,0.301,-0.302,-0.165,0.520,2.356,0.217,-0.844,0.792,0.093,-0.061,-0.143,0.442,-1.203,1.073,-0.152,0.112,0.586,-0.680,0.323,0.489,-0.922,0.521,-0.243,-1.831
cairo,0.778,1.270,-0.418,-0.198,0.079,-1.454,-0.527,0.280,0.026,0.267,-0.340,-1.134,-0.597,0.178,-0.018,0.496,0.147,-0.375,0.014,1.454,0.985,1.102,0.559,0.288,-0.416,-1.003,0.430,0.519,-0.612,-0.146,1.712,0.025,-0.698,0.274,0.396,-0.474,0.305,0.209,-0.084,1.696,-0.357,0.041,0.169,-0.787,0.324,0.228,-0.519,0.627,-0.129,-1.015
dog,0.110,-0.388,-0.576,-0.277,0.705,0.540,-1.079,-0.401,1.150,-0.568,0.004,0.529,0.646,0.473,0.485,-0.184,0.180,0.914,-1.198,-0.578,-0.380,0.336,0.772,0.756,0.455,-1.767,-1.050,0.426,0.419,-0.683,1.567,0.277,-0.617,0.646,-0.077,0.371,0.131,-0.451,0.254,-0.744,-0.086,0.241,-0.648,0.835,1.250,-0.514,0.042,-0.881,0.716,0.385
cat,0.453,-0.501,-0.537,-0.016,0.222,0.546,-0.673,-0.689,0.635,-0.197,0.337,0.773,0.901,0.385,0.384,0.266,-0.081,0.611,-1.289,-0.223,-0.616,0.217,0.356,0.445,0.609,-1.163,-1.158,0.361,0.105,-0.783,1.435,0.186,-0.261,0.833,-0.231,0.325,0.145,-0.446,0.335,-0.959,-0.097,0.481,-0.434,0.695,0.910,-0.282,0.416,-1.261,0.713,0.238
puppy,0.117,-0.555,-0.714,-0.897,0.342,0.792,-1.213,-0.611,0.619,-0.083,-0.056,0.841,1.016,0.212,0.225,0.057,-0.226,1.385,-0.139,0.285,-0.508,0.385,0.521,0.260,0.649,-0.629,-0.448,0.655,0.720,-0.560,0.387,0.482,-0.542,1.455,-0.002,0.476,-0.291,-0.337,0.347,-1.323,-0.202,-0.512,-1.048,0.471,0.969,-0.367,0.188,-0.556,0.420,0.499
kitten,-0.107,-0.329,-0.296,-0.525,0.124,1.094,-0.238,-0.687,0.379,0.561,0.518,0.154,0.503,1.139,0.405,0.298,-0.418,1.084,-0.221,0.037,-0.530,0.914,0.178,0.337,0.325,-0.584,-0.469,0.742,0.121,-0.565,-0.410,0.151,-0.688,0.553,-0.173,0.204,0.048,-0.641,0.228,-1.263,0.079,-0.184,-0.199,0.035,0.885,0.041,0.640,-0.579,-0.082,-0.131
horse,-0.205,0.233,-0.592,-0.292,0.294,0.312,-0.949,0.056,1.003,-1.076,-0.009,0.184,-0.048,-0.357,0.260,-0.410,0.515,1.201,-1.614,-1.100,-0.235,-0.817,-0.151,0.371,0.477,-1.703,-1.218,0.039,0.233,0.028,1.659,0.267,-0.299,0.991,0.343,0.155,0.028,0.563,-0.628,-0.679,-0.163,-0.499,-0.860,0.855,0.751,-1.040,-0.110,-1.424,0.660,-0.320
cow,0.613,-0.482,-0.742,-0.552,-0.008,1.610,-0.886,-0.820,1.514,-0.228,0.554,-0.184,0.705,-0.369,1.067,1.108,0.197,0.247,-0.684,0.547,-0.038,-0.790,0.611,0.315,0.502,-1.653,-0.428,1.040,0.294,-0.369,1.315,-0.184,0.093,0.776,-0.548,-0.146,0.511,0.047,0.418,-0.183,-0.442,-0.252,-0.336,0.310,1.919,0.340,-0.273,-0.013,0.650,-0.859
sheep,0.390,-1.136,-0.476,-1.018,0.449,1.450,-1.525,-0.973,1.514,-0.586,0.683,-0.639,1.696,-1.233,0.503,0.679,1.001,0.536,-1.175,-0.054,-0.424,-0.494,0.432,0.407,0.749,-0.533,-0.337,0.114,0.470,-0.476,1.308,0.153,0.098,1.081,-0.205,0.143,-0.081,0.180,0.124,0.127,-0.314,0.036,-0.461,0.531,1.499,-0.226,-0.466,-0.543,-0.277,-0.756
lion,0.601,0.013,-0.610,-0.139,1.251,0.101,-0.201,-1.128,0.609,-0.167,0.224,0.618,0.501,-0.223,-0.012,0.242,0.822,0.575,-1.970,0.045,0.222,-0.267,-0.005,-0.363,-0.425,-0.792,-1.557,0.221,-0.321,-0.467,1.060,0.842,0.045,0.861,-0.086,0.006,-0.162,-1.033,-0.258,-0.659,-0.136,0.365,-0.614,-0.540,0.241,-0.230,-0.312,-1.349,0.433,-0.345
tiger,0.332,-0.603,-0.046,0.899,0.265,-0.027,-0.894,-0.220,0.282,-0.797,-0.155,-0.154,-0.444,-0.061,0.177,0.497,1.092,0.653,-1.451,0.505,-1.486,0.606,0.519,-0.395,0.265,-1.049,-0.794,-0.009,-0.299,-0.419,2.002,-0.078,-0.724,1.383,0.502,0.352,-0.379,-0.817,-0.592,-1.050,-0.555,-0.465,-0.304,0.111,1.322,-0.347,0.040,0.046,-0.087,-0.456
elephant,0.532,-0.270,-0.723,-0.453,1.019,0.310,-0.676,-1.351,1.485,-0.518,0.266,0.103,0.945,-0.122,0.545,0.384,1.031,0.598,-1.169,0.450,-0.746,-0.203,-0.362,-0.085,0.411,-0.889,-0.176,0.447,-0.294,-0.724,1.104,0.167,-0.158,0.638,-0.101,0.870,0.242,-0.711,-0.413,-0.443,-0.686,0.117,-0.315,0.124,1.176,-0.451,0.172,-0.933,0.318,-0.857
mouse,0.921,-0.819,0.232,0.522,0.519,0.886,-0.392,-1.541,0.610,0.229,0.621,0.666,0.723,0.667,0.104,0.537,-0.144,0.480,-0.809,-0.351,-0.612,-0.530,0.116,0.487,0.958,-0.691,-0.194,0.124,-0.161,-1.548,1.587,-0.083,-0.603,-0.045,-0.285,0.524,-0.153,-0.107,-0.110,-0.656,0.102,0.619,-1.099,0.328,0.746,-0.132,1.658,-1.110,-0.030,0.087
fish,0.256,-0.315,-1.008,0.143,0.530,0.315,-0.822,0.006,1.524,-0.406,0.204,0.930,2.061,0.731,0.445,-0.004,1.290,-0.169,-1.122,-0.808,-0.197,-1.206,1.274,0.240,0.444,-0.780,0.156,0.285,1.025,-0.617,2.501,-0.410,0.575,0.510,-0.061,0.404,-0.347,0.382,0.629,-0.223,-0.320,0.213,1.072,0.324,1.330,0.546,-0.222,-0.806,0.165,0.298
bird,0.787,0.079,-0.766,0.193,0.550,0.265,-0.758,-0.882,1.647,-0.544,0.335,0.444,1.089,0.270,0.745,0.249,0.249,-0.290,-1.456,0.356,-1.173,-0.499,0.353,-0.142,0.717,-1.142,-0.039,0.275,-0.018,-0.440,1.960,-0.065,0.472,-0.030,-0.316,0.270,0.562,-0.279,-0.364,-0.219,-0.750,0.318,0.294,0.251,1.611,0.713,-0.152,-0.254,0.264,0.159
eagle,0.198,0.353,-0.249,-0.058,0.551,0.155,-1.233,-0.590,0.683,-0.982,-0.070,0.106,0.214,0.684,-1.210,-0.397,0.089,0.118,-2.140,0.103,-0.812,-0.367,-0.654,-1.060,-0.285,-1.048,-1.036,0.392,-0.389,-1.206,1.517,-0.289,-0.097,1.587,0.389,-0.578,0.129,-0.521,0.036,-0.493,0.019,-0.701,0.014,0.200,0.006,-0.520,0.484,-0.331,-0.273,-0.107
shark,1.014,-0.408,-0.791,0.257,-0.031,0.529,-0.655,-0.457,1.255,-0.171,0.157,0.806,1.090,0.933,0.171,-0.203,0.572,0.108,-2.251,0.662,-0.980,-0.450,0.579,-0.183,0.226,-0.834,-0.071,0.823,0.222,-0.661,1.079,-0.220,0.819,0.644,-0.700,0.420,-0.031,-0.799,0.440,-0.995,-0.273,0.062,0.468,0.857,1.222,-0.555,0.400,-0.315,0.740,0.403
whale,0.652,-0.348,-0.701,-0.416,0.496,0.623,-1.504,-0.640,2.067,-0.150,0.619,0.679,1.595,1.568,0.460,0.279,0.986,-0.035,-1.883,0.482,-0.223,-0.554,0.439,-0.259,0.844,-1.123,-0.225,0.542,0.077,-0.754,0.794,-0.368,0.161,0.487,-0.406,-0.269,-0.018,-0.588,-0.015,-0.275,-1.050,-0.296,0.745,0.232,1.102,-0.632,0.294,-0.047,0.107,-0.174
apple,0.520,-0.831,0.500,1.289,0.115,0.058,-1.375,-0.973,0.183,0.477,-0.151,0.355,0.259,-0.779,0.522,0.477,-1.425,0.858,0.598,-1.090,0.336,-0.609,0.417,0.216,-0.074,-0.582,-0.450,0.173,0.164,-0.384,2.328,-0.667,-0.582,0.744,0.095,-0.479,-0.846,0.387,0.237,-1.552,0.648,-0.165,-1.472,-0.162,0.799,0.974,0.400,-0.219,-0.309,0.266
banana,-0.255,-0.752,-0.867,1.120,0.129,1.012,-0.572,-0.362,0.443,-0.122,0.074,0.214,0.967,-0.069,0.515,-0.053,-0.220,0.230,1.043,-0.770,-0.168,-1.095,0.248,0.200,-0.409,-0.480,0.107,0.532,1.111,-0.193,1.477,-0.518,-0.796,1.797,-0.334,-0.145,-1.545,0.013,0.107,-0.307,-0.546,0.389,0.247,-0.852,0.550,0.827,-0.681,-0.779,-0.028,-0.829
orange,-0.428,0.431,-0.504,0.578,0.098,0.261,-0.688,-0.319,-0.253,-0.373,-0.046,-0.537,0.975,-0.446,-0.504,-0.087,-1.065,0.366,-0.524,-1.341,-0.239,-0.588,0.564,-0.063,-1.743,-0.881,-0.279,1.470,0.504,-0.692,2.002,0.267,-0.857,-0.189,-0.021,-0.055,-0.503,-0.672,0.555,-0.801,0.107,0.146,-0.556,-0.650,0.220,0.674,-0.451,-1.146,0.163,-0.629
grape,0.230,-0.339,-1.500,-0.352,0.164,0.441,-0.999,-0.926,0.354,0.925,0.505,-0.219,1.223,-1.452,0.711,-0.215,0.833,0.725,0.115,-1.513,-1.130,-1.540,0.843,0.887,-0.540,0.315,-0.597,0.913,0.163,0.056,1.062,-0.922,-0.960,0.441,1.028,-0.456,-1.656,0.597,0.497,0.005,-0.092,-0.112,-0.301,-0.818,1.122,0.103,0.477,-0.122,-0.308,-0.444
mango,0.264,-0.318,-1.095,1.331,0.248,0.045,-0.395,-0.521,-0.017,0.332,-0.533,0.433,1.231,-0.370,0.160,-0.433,-0.298,0.768,0.713,-0.857,-0.077,-1.028,0.934,0.250,-0.140,1.032,-0.158,0.805,0.505,-0.506,1.124,-0.451,-0.276,1.354,0.355,0.394,-1.121,0.028,0.576,-0.636,-0.535,-0.080,-0.780,-1.159,1.032,0.943,0.026,-0.968,0.545,-0.165
bread,-0.374,-0.120,-0.876,-1.122,1.279,0.483,-0.539,0.054,-0.239,-0.124,-0.426,-0.275,1.139,-0.014,0.477,-0.083,0.152,0.257,0.677,-0.832,0.885,-0.836,1.024,0.791,-0.278,-0.108,-0.696,0.665,1.797,0.127,2.299,0.115,-0.464,2.338,-0.502,0.384,-0.901,1.149,1.110,0.333,1.020,0.241,-0.773,-0.181,0.921,0.978,-0.231,-0.101,-0.511,-0.186
cheese,-0.054,-0.309,-1.329,-0.433,0.318,1.522,-0.697,-0.037,-0.838,0.074,-0.305,-0.178,1.234,0.085,0.174,-0.190,0.369,0.495,-0.024,-1.054,0.524,-1.149,0.951,1.154,-0.523,-0.149,-0.976,1.391,0.799,-0.721,1.541,-0.159,-0.305,1.726,0.131,-0.054,-0.742,1.675,1.950,-0.533,1.136,0.200,0.022,-0.394,1.061,1.585,0.179,0.436,0.682,0.066
butter,-0.775,0.292,-0.335,-0.563,0.572,1.357,0.059,-0.220,-0.530,0.024,-0.056,0.152,1.017,0.461,-0.150,0.184,0.027,0.435,-0.135,-1.302,0.856,-0.836,1.973,0.346,-0.315,-0.163,-0.117,1.207,1.897,-0.107,1.610,0.179,-0.841,1.341,-0.471,-0.105,-1.003,1.208,1.643,-0.087,1.301,-0.093,-0.030,-0.594,0.721,2.005,0.057,0.057,-0.395,-0.241
rice,-0.640,0.459,-0.225,0.127,0.645,-0.179,-1.040,-0.301,0.423,-0.234,-0.586,0.357,1.038,-0.725,0.790,0.722,0.510,0.193,0.480,-0.181,0.438,-0.364,1.466,-0.895,0.429,-1.119,1.113,0.595,0.600,0.112,2.499,-0.298,-0.466,0.700,0.407,0.447,-0.567,1.125,-0.004,0.286,-0.301,0.830,-0.412,-1.127,1.377,0.871,-0.591,0.872,-0.740,0.180
pasta,0.793,-0.266,-1.139,0.254,0.225,-0.231,0.306,0.184,-0.687,0.154,-0.539,0.679,1.095,0.771,-0.001,-0.333,-0.102,0.891,0.272,-0.741,0.822,-0.860,1.633,0.281,-0.178,0.160,-0.156,1.160,1.126,-0.298,1.475,0.102,-0.484,2.242,-0.135,0.570,-0.825,2.337,0.856,0.293,0.867,0.532,0.038,-0.017,0.769,0.700,-0.083,0.144,0.552,0.582
pizza,0.621,-0.496,-0.696,0.195,1.062,0.142,-0.795,0.194,0.007,0.146,-0.613,0.004,0.419,1.038,0.169,-0.533,-0.525,0.796,-0.029,-0.449,1.014,-0.592,0.176,1.551,-0.969,-0.429,-0.927,0.433,1.292,-0.808,1.336,0.246,-0.118,2.002,-0.274,0.178,-0.315,0.846,0.774,0.452,0.735,0.445,-0.775,0.435,0.535,0.982,-0.707,-0.486,0.165,0.650
burger,0.370,-1.180,-0.924,0.035,0.612,0.242,-0.326,-0.274,0.640,0.122,-0.281,0.667,-0.487,0.405,0.354,0.184,0.236,-0.253,-0.066,-0.390,0.655,-0.667,-0.058,1.058,-1.003,-0.530,-0.704,-0.009,0.089,-0.419,0.509,0.189,0.223,1.721,0.201,-0.376,0.138,0.498,0.389,0.198,0.360,0.920,-0.331,0.007,0.439,1.408,-0.647,-0.541,0.215,0.812
coffee,-0.540,-0.299,-0.676,0.158,0.902,-0.896,-1.127,-0.690,0.712,0.712,0.110,-0.373,0.938,-0.429,1.081,0.438,-0.388,0.655,0.345,-1.379,1.114,-0.202,0.536,0.674,-0.527,-0.307,-0.148,0.786,0.844,0.565,2.195,-0.098,-0.417,1.030,0.083,-0.155,-1.126,0.744,1.153,0.244,0.057,0.638,-0.360,-0.032,0.888,0.787,-0.470,-0.697,0.120,-0.415
tea,-0.449,-0.002,-1.044,0.426,0.525,-0.296,-0.588,-0.560,0.526,0.512,-0.753,-0.070,1.108,-0.616,-0.105,-0.082,-0.099,0.477,-0.056,-1.292,0.874,0.169,1.168,0.045,0.165,-0.458,0.092,0.342,-0.027,0.525,2.081,0.180,-0.364,1.278,0.461,-0.041,-0.737,0.967,0.234,-0.154,0.220,0.296,-0.688,0.256,1.290,1.295,-1.026,-0.863,0.881,-0.903
milk,-0.152,-0.156,-0.448,-0.602,0.255,1.619,-0.666,-0.412,0.986,0.737,0.786,0.140,1.325,-0.416,0.891,0.406,-0.148,0.880,0.025,-1.105,0.891,-0.612,1.993,0.462,-0.411,-0.800,0.085,1.115,1.058,0.202,1.915,0.461,-0.441,0.807,-0.053,-0.229,-0.449,1.032,1.395,-0.168,0.374,-0.259,-0.368,-0.185,0.975,0.867,-0.694,-0.010,0.637,-0.472
juice,-0.055,-0.736,-0.710,0.613,0.683,0.369,-0.016,-0.015,0.385,1.323,-0.033,0.374,1.143,-0.818,0.120,-0.282,-0.561,0.974,0.039,-1.636,0.651,-0.455,2.149,0.261,-0.992,0.057,0.522,1.341,1.351,-0.194,1.952,0.122,-0.873,1.083,0.358,-0.064,-1.202,0.280,1.518,-0.964,0.612,-0.291,-1.026,-0.495,0.727,1.003,-0.010,-0.527,0.586,-0.069
sugar,-1.183,-0.225,-0.543,0.427,0.210,0.657,-0.256,-0.114,0.598,0.620,0.523,0.397,1.017,-0.668,0.271,0.572,0.340,0.443,0.155,-1.177,0.479,-0.842,1.606,-0.131,-0.915,-0.379,0.295,0.351,1.389,0.493,2.427,-0.300,-0.755,1.020,0.521,-0.068,-0.873,0.539,1.587,-0.311,-0.031,-0.057,-0.137,-0.340,0.553,1.501,-0.549,-0.813,-0.223,-0.255
salt,-0.127,1.366,-0.836,0.724,-0.196,0.402,0.026,0.730,0.198,-0.078,-0.330,0.161,0.872,-0.803,0.026,0.075,0.932,0.790,-0.804,-0.806,0.613,-0.585,1.927,-0.107,-1.098,-0.674,0.499,1.196,1.099,-0.301,2.073,-0.129,-0.651,-0.031,-0.114,0.130,-0.815,1.099,1.556,0.061,0.720,-0.318,0.086,0.191,0.329,0.754,-0.611,0.001,-0.420,-0.446
car,0.477,-0.085,1.464,0.047,0.147,0.508,-1.223,-0.226,0.193,-0.298,0.206,-0.713,-1.629,0.171,0.748,-0.062,-0.658,1.379,-0.680,-1.755,0.583,0.252,-1.211,0.813,0.095,-1.682,-0.645,0.632,1.121,0.161,2.538,0.249,-0.268,0.328,1.292,0.235,0.615,-0.134,-0.132,0.274,-0.118,0.135,0.074,-0.620,0.455,-0.303,-0.219,-0.561,1.118,-0.366
truck,0.350,-0.362,1.505,-0.070,0.327,0.481,-1.482,0.080,0.835,-0.729,0.192,-0.908,-0.896,0.338,0.422,-0.478,-0.475,1.614,-0.536,-1.676,0.649,0.074,-0.664,0.664,-0.115,-1.460,-0.319,0.998,1.636,-0.117,1.867,-0.196,-0.505,0.830,1.338,0.332,0.250,-0.373,0.278,0.884,-0.293,-0.003,0.272,-1.181,0.531,-0.317,-0.314,-0.315,0.964,-0.551
bus,0.848,0.070,0.968,-0.272,-0.376,0.320,-1.311,0.091,0.599,-0.902,-0.051,-0.839,-0.616,0.296,-0.422,-0.220,-0.940,1.222,-0.665,-0.577,0.761,0.515,-0.886,1.514,0.423,-1.295,0.455,0.671,0.802,-0.654,2.412,0.624,-0.047,0.375,1.010,0.253,1.091,-0.794,-0.170,1.487,-0.241,0.022,-0.016,-0.443,-0.139,0.013,-0.494,-0.577,1.200,-0.397
train,0.950,0.343,0.845,-0.885,-0.721,-0.293,-0.747,0.651,0.473,-0.740,0.188,-0.383,-0.559,0.430,-0.270,-0.424,-0.312,1.342,-0.786,-0.630,0.918,0.211,-0.574,1.455,0.755,-1.617,-0.009,0.003,0.513,-0.474,2.531,0.859,-0.307,0.058,0.662,0.208,0.642,-0.525,-0.053,1.140,-0.137,-0.184,0.455,-0.510,-0.026,-0.029,0.180,-0.448,0.405,-0.368
plane,2.114,-0.107,0.972,0.122,0.571,-0.136,-0.676,0.117,0.472,-1.101,0.811,-0.091,-0.463,1.334,0.024,-0.127,-1.271,0.568,-1.667,-0.954,-0.338,0.936,-0.460,-0.108,0.745,-1.989,-0.100,1.023,0.852,0.165,2.055,0.004,-0.841,0.209,0.641,-0.399,0.376,-0.390,-0.266,1.098,0.093,0.637,1.202,-0.297,-0.771,0.093,0.194,0.064,0.157,-0.485
ship,1.521,0.105,0.382,-0.508,0.032,-0.135,-1.247,0.798,0.847,-1.101,0.887,1.375,0.429,0.657,-0.264,-0.418,-0.488,0.911,-1.716,-0.438,0.784,0.196,-0.407,-0.540,0.824,-1.743,0.143,0.280,1.169,0.169,2.227,-0.583,-0.457,0.628,0.544,0.285,0.445,-0.553,-0.365,-0.016,0.409,-0.871,1.551,-0.807,-0.100,-0.285,-0.332,-0.506,0.483,-0.662
boat,0.970,0.076,0.157,-0.106,-0.615,0.086,-1.317,0.638,0.850,-1.066,0.023,0.691,0.500,0.897,-0.120,-0.685,-0.056,0.898,-1.613,-0.933,0.342,0.566,-0.490,0.065,1.270,-1.557,0.473,0.361,0.589,-0.253,2.177,0.030,-0.456,1.153,0.387,0.264,0.322,-0.501,-0.348,0.095,-0.103,-0.340,1.296,0.020,0.057,-0.687,-0.241,-0.915,0.733,-0.956
bicycle,-0.417,0.163,0.182,0.041,-0.767,0.478,-0.957,-0.697,1.345,-0.591,0.490,-0.595,-0.965,0.415,-0.053,-0.659,-0.340,1.468,-0.515,-1.592,0.442,-0.106,-1.428,1.181,0.284,-0.923,-0.214,0.101,0.620,-0.214,1.342,0.540,-0.655,0.553,0.388,0.348,0.377,0.455,-0.305,0.970,-0.017,-0.365,0.061,0.336,0.099,-0.961,0.319,-1.132,0.917,-0.658
motorcycle,-0.404,-0.708,0.035,0.435,-0.621,0.519,-0.883,-0.386,0.405,-0.523,0.742,-0.755,-1.263,0.012,0.675,-0.840,-0.745,1.859,-1.238,-1.467,0.214,0.015,-1.401,0.875,-0.096,-1.209,-0.961,-0.104,0.241,-0.146,1.002,0.172,-0.298,0.582,0.685,0.422,0.275,-0.424,-0.423,0.522,-0.433,-0.257,0.076,-0.101,0.978,-1.044,0.047,-0.955,0.770,-0.873
happy,0.092,0.257,-0.587,-0.370,1.083,-0.555,-0.781,0.587,-0.587,0.463,-0.113,0.261,-0.269,-0.072,1.247,0.306,0.567,0.305,-0.050,-0.644,-0.545,0.864,0.209,0.563,1.123,-1.052,-0.781,0.297,0.726,-0.614,2.422,1.014,-0.178,0.415,-0.130,-0.471,0.381,0.163,-0.323,-0.779,-0.425,-0.308,-0.422,0.055,0.383,0.037,-0.430,-0.394,0.105,0.873
sad,0.188,0.528,-0.807,-0.190,0.734,-0.526,0.734,1.151,-1.006,0.532,-0.535,-0.462,-0.358,-0.090,1.175,0.025,-0.261,0.572,0.517,0.393,-1.226,0.967,0.146,0.674,1.032,-0.935,-1.886,1.270,1.038,-0.094,1.763,0.135,0.659,0.017,-0.238,0.081,0.410,-0.565,0.430,-0.307,-0.637,0.043,-0.231,-0.464,-0.041,0.862,-0.311,0.378,0.037,0.749
angry,0.005,-0.748,0.141,-0.848,0.240,0.133,-0.349,1.131,-1.542,0.255,-0.848,-0.643,0.353,-0.378,0.654,-0.279,-0.097,0.056,-0.179,-0.871,-0.172,1.094,0.068,0.521,0.809,-1.806,0.361,0.555,0.282,-0.041,2.025,0.427,0.369,-0.358,-1.036,-0.167,-0.078,-1.547,-0.389,-0.285,0.116,0.630,-0.487,0.369,1.477,-0.022,-1.146,0.061,-0.299,-0.343
afraid,0.374,-0.689,0.321,-0.884,0.429,-0.304,0.139,1.000,-0.671,0.088,-0.205,0.129,-0.260,-0.334,0.878,0.845,0.557,0.156,0.374,-0.385,-0.443,0.854,0.425,0.781,0.964,-1.861,-0.686,0.068,1.129,-0.622,1.766,0.650,-0.254,-0.517,-0.589,-0.365,0.013,-0.586,0.134,-0.443,-0.523,-0.047,0.331,0.500,0.831,0.046,-0.553,-0.476,-0.003,0.545
love,-0.139,1.140,-0.852,-0.292,0.755,0.828,-0.318,0.007,-0.348,1.073,-0.247,0.978,-0.558,-0.090,0.832,-0.333,0.226,0.309,0.027,-0.087,-0.147,1.354,0.537,0.437,1.275,-1.438,-1.282,-0.152,1.051,-0.936,2.756,0.590,-0.295,0.276,-0.329,-0.201,-0.285,-0.460,-0.146,-0.694,0.071,-0.193,-0.185,-0.161,0.243,0.208,0.031,-1.371,-0.286,0.290
hate,-0.852,-0.147,0.050,-0.787,0.195,0.489,0.344,-0.615,-0.373,0.772,-0.719,-0.130,-0.410,-0.653,0.950,-0.498,0.254,0.050,0.189,-0.149,-0.277,0.321,0.859,1.017,0.222,-1.824,-0.693,-0.018,1.455,-1.104,1.526,0.698,-0.590,-1.048,-1.298,-0.473,-0.320,-1.348,-0.193,0.183,0.044,-0.172,0.168,0.662,0.716,0.170,-0.347,-0.152,-0.052,0.297
joy,-0.184,0.850,-0.618,-0.181,0.924,0.282,-0.027,0.548,0.228,0.731,0.131,0.154,-0.398,-1.169,0.462,-0.274,0.009,0.316,-0.366,-0.733,-0.104,1.534,0.093,-0.267,1.483,-0.453,-1.031,0.223,0.580,-0.171,1.403,1.141,0.130,0.030,-0.691,-0.396,0.049,-0.608,0.664,0.100,0.619,0.151,-1.234,-0.671,0.191,0.539,-0.242,-0.815,-0.467,-0.071
fear,0.537,-0.339,0.288,-0.726,-0.041,0.285,0.217,0.624,-0.120,0.411,0.101,-0.115,-0.157,-0.393,0.663,0.716,0.421,-0.370,-0.081,-0.290,-0.284,0.307,0.036,0.320,0.455,-2.083,-0.659,-0.082,1.043,0.508,2.543,0.818,-0.115,-1.147,-1.042,-0.230,-0.682,-1.363,0.064,-0.271,-0.410,0.090,0.198,0.486,0.841,0.387,-0.408,0.206,-0.117,-0.557
computer,0.079,-0.815,1.790,0.917,0.108,-0.556,-0.844,-1.495,0.134,0.636,0.351,0.258,-0.550,0.511,0.374,0.121,-1.617,0.837,0.142,-0.523,0.735,0.122,-0.491,0.325,0.453,-1.585,-0.638,-1.005,0.105,-0.430,3.181,-0.622,0.168,-1.014,0.064,0.578,-0.456,0.738,0.372,-0.577,0.664,0.055,0.038,1.327,0.310,0.507,1.236,0.127,-0.114,0.207
software,0.401,-1.168,1.259,1.324,-0.606,-0.369,-1.267,-1.787,0.678,1.179,0.726,0.743,-0.323,-0.312,-0.025,0.072,-0.848,0.706,0.888,-0.677,0.540,-0.117,-0.901,0.423,0.217,-0.577,-0.401,-1.135,0.064,-0.447,3.304,-1.072,-0.377,-0.483,-0.110,0.279,-0.513,0.224,0.348,-0.676,1.270,-0.379,-0.175,0.941,-0.120,0.401,0.938,0.576,0.306,0.302
internet,0.571,-0.234,1.507,0.825,-0.458,-0.616,-1.245,-1.357,0.926,1.107,-0.197,0.069,-0.175,0.283,0.437,-0.037,-0.942,-0.144,0.504,-0.149,0.945,0.111,-0.262,1.400,0.371,-1.578,-0.203,-0.808,0.373,-0.174,3.209,0.071,0.159,-0.869,-1.193,-0.324,-0.818,-0.312,-0.628,-0.256,1.036,0.040,-0.069,1.488,0.096,-0.184,0.028,-0.072,0.430,0.189
phone,0.851,-0.047,1.769,1.267,0.176,-0.166,-1.008,0.130,0.199,0.076,-0.141,0.081,0.057,0.241,0.367,0.348,-2.147,-0.029,0.667,-0.618,1.083,0.506,-0.095,0.898,0.559,-1.815,0.151,-0.183,0.458,-0.791,2.863,0.369,0.127,0.296,-0.079,-0.261,0.031,-0.273,-0.308,0.038,1.316,0.952,-0.442,0.677,0.176,-0.242,-0.083,0.128,-0.018,0.356
keyboard,-0.015,-0.429,0.291,0.088,-0.267,0.416,0.250,-0.176,-0.320,0.545,0.673,0.959,0.038,1.025,-0.683,-0.285,-1.132,0.185,0.686,-1.460,-0.338,0.041,-0.723,0.690,0.937,0.121,-0.397,-0.386,-0.445,-0.754,2.450,-0.762,0.729,0.708,0.654,0.870,0.779,0.202,0.040,-0.238,1.372,0.641,-0.601,0.556,-0.145,0.493,1.783,-0.662,-1.163,0.260
screen,0.257,0.172,0.832,-0.133,0.639,0.196,-0.147,-1.098,0.289,0.431,-0.099,0.231,0.228,1.335,0.385,0.367,-0.622,-0.106,-0.535,-1.240,0.648,0.310,-0.191,0.304,0.465,-0.860,-0.647,0.242,0.026,-0.795,2.509,0.254,0.138,-0.879,-0.231,0.835,0.488,0.051,-0.926,-1.265,0.911,1.088,-0.327,0.033,-0.621,0.298,1.097,-1.079,-0.451,0.047
robot,1.058,-0.791,0.516,0.392,0.433,0.216,0.094,-0.881,0.335,-0.354,0.712,0.830,-0.190,1.736,-0.114,-0.130,-0.186,1.784,-0.869,-0.351,-0.070,0.153,-0.627,-0.009,0.877,-0.729,-0.686,-0.558,0.085,-0.487,1.345,-0.261,-0.771,0.152,-0.264,1.146,0.074,-0.014,-0.291,-0.839,0.045,-0.401,-0.100,0.074,0.722,-0.141,1.094,-0.859,-0.115,0.176
machine,-0.342,-0.813,1.451,0.059,-0.081,0.396,0.101,-0.547,-0.189,0.114,-0.041,-0.564,-0.322,0.160,-0.598,-0.146,-0.771,1.296,-0.720,-0.908,0.766,0.053,-0.003,-0.153,0.221,-1.191,-1.077,-0.298,1.327,-0.514,2.623,-0.674,-0.826,0.143,-0.014,0.908,0.668,0.484,0.154,0.260,1.019,0.016,-0.753,0.590,0.455,-0.197,0.421,-0.432,0.120,0.141
sun,-0.372,1.668,0.656,1.284,-0.071,-1.615,-0.287,-0.673,-0.499,0.105,0.181,0.405,0.524,0.285,-0.251,0.751,-1.215,0.053,-1.065,0.037,-0.228,0.304,1.269,-0.855,0.493,-0.925,-0.146,0.533,0.207,-0.055,2.619,-0.114,-0.300,-0.002,-0.776,-0.582,-0.418,-0.040,0.419,-0.239,0.212,-0.173,-0.314,0.360,0.800,-0.171,0.193,-1.620,0.341,-0.177
moon,1.100,1.729,0.195,0.297,0.208,-0.446,-0.467,-0.514,0.227,0.124,0.111,0.803,0.232,1.161,0.100,0.818,0.293,0.001,-1.244,0.110,-0.350,0.365,1.046,-1.040,1.025,-0.875,-0.430,0.862,-0.418,-0.294,1.848,-0.454,-1.069,0.327,-0.103,-0.740,0.356,-0.590,-0.567,-0.122,-0.689,0.099,-0.531,-0.832,0.370,-0.730,0.503,-0.630,-0.472,-0.242
star,-0.210,1.608,0.037,1.041,0.611,0.065,-0.937,-0.030,-0.183,0.739,0.650,0.755,-0.733,0.960,0.892,-0.105,0.115,0.304,-1.494,-0.036,-0.959,0.411,-0.239,0.404,-0.329,-1.534,-0.456,0.109,-0.415,-0.571,2.200,0.471,0.567,-0.169,0.435,0.405,-0.008,-0.221,-0.333,-1.099,0.336,1.341,-0.341,-0.502,-0.251,-0.102,0.193,-0.489,-0.418,0.181
sky,0.081,0.945,0.337,0.421,0.280,-0.734,-0.979,-0.525,0.132,-0.213,0.413,0.197,0.121,0.877,-0.168,0.798,-0.180,0.236,-1.949,-0.844,0.153,1.084,0.524,-0.283,0.176,-0.372,-0.682,1.470,0.481,0.029,1.926,0.557,0.092,-0.227,-0.411,-0.236,-0.124,-1.042,-0.227,-0.583,0.585,0.203,-0.206,-0.411,-0.392,0.127,0.106,-0.523,-0.006,-0.569
rain,-0.203,0.219,-0.159,0.517,-1.750,-0.680,-0.285,1.170,0.817,0.127,-0.271,-0.798,0.678,-0.521,0.528,0.304,-0.111,-0.731,-1.280,-1.303,-0.672,0.216,1.057,-0.828,1.166,-0.096,0.037,1.093,1.190,0.313,3.039,0.347,0.244,0.269,-0.178,0.268,0.356,-0.089,0.395,-0.120,-0.800,0.649,0.055,-0.487,0.289,0.663,0.192,-1.136,-0.114,-0.598
snow,-0.045,1.357,0.424,0.083,-1.212,0.276,-0.903,0.282,0.121,-0.956,-0.501,-0.150,0.444,0.169,0.295,0.883,0.266,0.003,-1.240,-1.141,-0.255,0.145,1.426,-0.802,0.796,-0.360,-0.405,1.461,1.131,0.280,2.167,0.318,-0.109,0.305,0.108,0.095,-0.338,-0.010,0.730,0.506,-0.937,0.714,0.297,-0.430,0.481,-0.116,0.207,-0.622,0.074,-0.371
wind,0.205,0.140,0.619,-0.111,-1.291,0.041,-0.007,0.501,0.306,0.537,-0.096,0.052,0.585,0.399,-0.739,-0.018,0.575,0.464,-1.492,-1.865,0.032,-0.087,0.342,-0.821,1.404,-0.506,-0.419,0.408,0.700,0.218,2.961,-0.025,0.251,-0.035,-0.381,-0.481,-0.020,-0.214,0.777,0.107,-0.424,0.129,0.116,-0.079,-0.172,0.430,0.290,-0.968,-0.537,0.158
storm,0.766,-0.043,1.004,0.023,-1.375,-0.592,-0.448,0.998,0.487,-0.581,-0.137,-0.156,0.433,0.429,-0.027,-0.345,-0.625,-0.532,-1.465,-0.403,-0.761,-0.204,0.302,-0.828,0.785,-0.747,-0.130,0.405,0.693,0.566,2.538,0.043,0.645,-0.731,-0.750,0.268,-0.127,-1.208,0.487,-0.402,-1.093,0.830,0.411,-1.256,-0.138,0.561,-0.001,-1.494,-0.084,-0.073
river,0.731,1.024,-0.267,-0.334,-1.487,-0.378,-1.287,0.719,1.132,-0.901,-0.126,0.727,0.728,-1.021,-1.610,-0.235,1.271,-0.065,-0.683,0.270,-0.215,-1.035,0.776,0.000,0.630,-1.382,-0.195,1.307,-0.303,-1.477,2.970,-0.568,0.339,0.380,0.002,-0.282,-0.873,-0.794,1.382,0.796,-0.712,-0.281,0.057,-0.978,-1.147,-0.625,0.263,-1.443,0.402,-1.371
mountain,0.445,1.741,0.249,0.302,-0.610,-0.646,-1.210,-0.168,0.446,-1.240,-0.424,-0.925,0.689,-0.294,-0.702,0.657,1.012,0.669,-1.346,-0.319,-0.949,-0.023,-0.010,0.712,0.368,-0.710,-1.222,0.775,0.038,-0.047,2.372,-0.800,-0.764,0.411,0.787,-0.170,-0.987,-0.627,0.285,0.024,-0.561,-0.044,0.170,-0.053,0.329,-0.436,1.047,-1.104,0.006,-0.862
ocean,1.262,0.612,-0.372,0.618,-0.695,-0.484,-0.578,-0.046,1.309,-0.538,0.233,0.354,1.123,0.778,-0.673,0.219,0.609,0.345,-1.871,-0.584,0.067,0.453,0.476,-0.345,0.839,-0.621,-0.104,0.810,0.521,0.507,2.606,-0.347,-0.177,-0.333,-0.228,-0.306,-0.901,-0.532,0.269,0.009,-0.476,0.084,1.257,-0.338,-0.843,0.564,0.298,-1.133,0.084,-0.663
forest,-0.003,0.482,-0.390,0.438,-0.503,-0.424,-1.208,-0.789,1.024,-1.095,-0.197,-0.307,0.890,-1.512,-0.389,0.461,1.246,0.348,-0.810,-0.048,-1.118,-0.045,-0.100,-0.299,-0.143,-0.288,0.368,0.521,0.023,0.142,2.621,-0.893,-0.221,-0.882,-0.029,0.737,-0.618,-0.611,0.895,-0.800,-0.443,-0.555,0.317,0.148,0.194,0.689,-0.075,-0.929,0.429,-0.878
tree,0.622,1.199,-0.014,0.201,0.694,0.121,-0.904,-1.402,0.434,-0.485,-0.465,0.158,0.543,-0.325,-0.026,0.457,0.166,0.188,0.062,-0.864,-1.042,-0.812,0.313,-0.203,0.557,-0.286,-0.149,1.010,0.250,-0.532,2.379,-0.770,-0.632,0.320,0.151,0.233,-0.263,-0.295,0.767,-0.116,-0.681,-0.654,-0.589,0.247,1.590,0.330,0.415,-1.747,0.825,-1.089
flower,0.075,1.266,-1.318,0.113,1.451,0.173,-0.563,-1.071,0.549,0.302,-0.115,0.385,0.920,-0.249,0.331,0.060,-0.007,0.087,-0.205,-0.861,0.100,-0.755,0.482,-0.333,-0.238,0.173,0.498,0.888,0.089,-0.562,1.853,-0.006,0.458,0.539,0.325,0.435,-0.027,0.447,-0.275,-0.016,-0.510,-0.101,-0.810,-0.316,1.582,0.210,-0.184,-1.727,0.093,-0.557
doctor,0.670,0.117,-0.463,-0.900,0.566,0.490,-0.260,0.713,0.623,0.028,0.680,0.767,-0.020,0.521,0.806,-0.205,-0.883,0.257,-0.180,0.810,-0.241,1.162,0.308,0.655,0.329,-2.285,-0.692,-0.712,-0.502,-0.077,1.862,-0.203,-0.647,-0.516,0.503,0.789,0.626,0.375,1.286,-0.206,0.410,0.720,-0.163,0.291,0.472,-0.151,0.367,-0.090,0.378,0.598
nurse,0.368,0.158,-0.747,-0.966,0.655,0.663,-0.642,0.743,0.830,-0.897,0.651,0.282,0.632,0.457,0.193,-0.537,-1.047,0.599,0.173,0.383,-0.363,1.927,0.150,0.460,-0.067,-1.239,0.013,-0.570,-0.379,-0.010,1.425,0.291,-0.036,-0.159,0.608,0.534,0.361,0.009,1.615,-0.505,-0.126,0.224,0.593,0.068,0.859,-0.840,0.031,-0.637,0.016,1.453
teacher,-0.949,0.984,-0.575,-1.382,0.784,0.328,-0.437,0.203,-0.269,0.291,0.216,-0.124,0.182,-0.205,0.282,-0.818,-0.431,1.004,0.520,0.514,0.229,1.367,-0.494,0.706,0.631,-1.709,-0.071,-1.088,-0.800,0.051,2.342,-0.292,-0.240,-0.583,0.764,0.465,0.197,0.673,1.105,0.138,-0.184,0.391,-0.226,0.095,0.452,-0.629,0.528,-0.262,0.021,0.904
student,-1.073,0.941,0.085,-1.077,0.429,0.100,-0.511,-0.250,-0.309,0.196,0.197,-0.732,0.097,-0.063,0.121,-0.724,-0.382,0.693,0.330,0.402,0.535,0.918,-0.446,0.718,-0.136,-1.691,0.158,-1.237,-1.228,-0.059,2.754,0.187,-0.263,-1.279,0.170,0.407,0.122,0.112,0.783,0.036,-0.408,-0.058,-0.279,0.330,0.524,-1.049,0.276,0.036,0.049,0.282
engineer,-0.335,-0.350,0.809,-0.233,0.267,-0.068,-1.320,0.377,0.298,-0.465,1.161,0.492,-0.608,0.738,-0.949,-0.580,-0.274,1.094,-0.329,-0.139,0.480,0.517,-0.957,-0.297,0.448,-1.478,-0.425,-1.168,-0.218,0.885,1.634,-1.476,-0.262,-0.546,0.964,0.345,0.104,1.136,0.889,0.409,0.352,0.095,0.067,-0.873,0.220,-0.133,-0.327,-0.297,0.073,0.676
scientist,-0.157,0.610,0.330,0.100,0.486,0.048,-0.739,-0.536,0.324,0.128,0.597,0.400,0.042,0.679,0.170,-0.009,0.512,0.878,-0.699,0.895,-0.125,0.829,0.121,-0.272,1.061,-2.231,-0.524,-0.881,-1.007,0.659,0.927,-1.820,-0.712,-1.484,-0.242,-0.071,-0.662,0.933,1.192,0.108,0.396,0.602,0.218,0.021,1.281,-0.006,0.258,0.452,-0.115,0.540
lawyer,-0.481,-0.024,-0.565,0.568,1.029,0.342,-0.461,0.791,-0.302,-0.060,-0.375,0.244,-0.694,-0.226,0.687,-0.510,0.012,-0.425,0.412,-0.044,0.250,1.476,-0.552,0.171,-0.437,-2.561,0.255,-0.697,-0.884,0.055,1.367,-1.495,-0.499,-0.655,0.118,-0.682,0.079,0.090,1.044,0.081,0.535,1.215,0.171,0.617,0.217,-0.790,-1.190,-0.094,0.125,0.990
judge,-0.418,-0.772,-0.774,0.103,1.039,0.146,0.522,1.022,0.055,-0.228,-0.452,0.475,-0.498,-0.247,1.270,-0.122,-0.136,-1.349,0.200,-0.856,0.560,0.665,-0.035,0.207,-0.496,-2.551,0.194,-0.163,-1.120,-0.580,1.496,-1.607,-0.576,-1.139,0.464,-0.928,1.085,-0.162,0.489,-0.137,-0.194,1.620,0.343,0.017,-0.654,-0.002,-0.533,-0.608,0.254,0.963
actor,-0.662,1.020,-0.178,-0.316,0.650,1.212,-0.300,-0.299,-0.988,1.013,-0.034,0.840,-0.278,0.885,1.133,-0.540,0.737,0.783,-1.097,0.284,-0.073,1.321,0.093,0.527,0.458,-1.374,-0.405,-0.469,-0.710,0.259,1.623,-0.320,0.628,-0.443,0.818,0.513,0.237,-0.011,-0.478,-0.919,0.099,2.230,-0.345,-1.182,-0.649,-0.712,-0.273,-1.089,-0.322,1.310
actress,-0.503,1.360,-0.796,0.180,0.303,2.003,-0.292,-0.133,-0.228,0.746,0.295,0.058,0.081,0.603,1.390,-0.492,-0.120,0.462,-0.253,0.606,0.102,2.164,0.528,0.734,0.683,-1.200,-0.598,-0.159,-1.115,-0.494,1.149,0.233,0.851,-0.290,0.607,-0.052,-0.146,0.350,-0.506,-1.568,-0.079,1.738,0.466,-1.991,-0.691,-1.061,-0.375,-1.713,-0.147,0.948
big,-0.324,0.308,0.286,0.372,0.105,0.101,-0.983,-0.072,-0.111,0.453,-0.796,0.251,-0.519,0.371,0.395,-0.048,0.935,0.315,-0.633,-0.889,-0.128,-0.663,-0.238,-0.071,-0.090,-1.669,-1.122,0.396,0.582,-0.917,3.400,1.016,0.564,0.553,-0.070,0.100,-0.483,-0.037,0.386,-1.072,-0.766,0.326,-0.588,0.219,0.235,0.313,-0.114,-0.091,-0.134,0.473
small,1.142,0.216,0.060,-0.221,0.721,0.554,-0.850,-0.275,0.079,-0.544,-0.165,-0.394,0.946,0.313,-0.574,0.006,0.516,0.592,-0.544,-1.110,0.137,-0.669,-0.166,0.449,-0.429,-1.123,-0.436,0.557,0.400,-0.260,3.854,-0.331,0.381,0.060,0.197,0.506,-0.411,0.162,0.150,-0.061,-0.006,0.188,-0.038,0.296,0.461,0.007,-0.307,-0.641,-0.058,-0.458
fast,-0.208,-0.805,0.100,-0.289,-0.027,-0.279,-0.716,-0.200,0.883,0.472,-0.027,0.177,-0.622,0.416,-0.128,0.411,0.408,-0.043,-0.583,-0.906,0.088,0.128,-0.130,0.598,1.087,-1.056,0.410,-0.125,1.190,0.563,3.272,0.389,0.318,0.593,0.399,-0.178,-0.034,0.712,-0.625,0.113,-0.368,0.366,-0.231,0.358,0.608,0.342,0.480,-0.578,0.179,0.595
slow,0.094,-1.057,-0.037,-0.740,-0.569,-0.002,-0.128,0.279,0.277,0.692,0.087,-0.179,-0.265,0.486,0.230,0.122,0.248,-0.414,-0.048,-1.053,0.033,-0.361,-0.096,0.021,1.268,-0.866,0.292,0.340,1.050,0.633,3.412,0.137,0.232,0.269,-0.080,-0.292,-0.023,0.344,-0.021,-0.267,-0.908,0.204,-0.322,-0.181,0.552,0.034,0.857,-0.059,0.106,0.453
hot,-0.767,0.690,0.075,0.117,-0.797,-0.196,-0.774,0.174,0.262,0.553,-0.292,-0.245,0.599,1.244,0.264,0.202,0.042,0.518,-0.817,-1.080,0.229,0.091,1.564,0.751,-0.061,-0.690,-0.536,1.131,1.387,0.362,2.848,0.107,-0.017,0.454,-0.007,0.112,-0.160,0.302,0.542,-0.541,0.233,0.218,-0.041,0.002,0.763,0.662,-0.045,-0.815,0.047,0.311
cold,0.066,0.501,-0.561,-0.762,-0.619,-0.100,0.115,0.447,0.067,-0.036,-0.180,-0.067,0.285,0.778,0.200,0.643,-0.203,0.157,-0.838,-0.374,-0.315,0.323,1.095,-0.250,0.192,-1.447,-0.506,1.087,1.917,1.200,2.702,0.035,-0.285,-0.008,-0.474,0.329,-0.662,0.349,0.295,-0.259,-0.384,0.261,0.394,0.256,0.892,0.951,0.228,-0.554,-0.659,0.068
good,-0.356,0.521,-0.611,-0.301,0.949,-0.315,-0.598,0.122,-0.032,0.557,-0.106,0.634,-0.473,-0.076,0.382,0.082,0.822,0.222,-0.008,-0.766,-0.563,0.618,0.203,-0.049,0.878,-1.655,-0.774,0.154,0.948,-0.395,3.730,0.829,-0.141,0.016,0.211,-0.036,-0.156,0.866,0.263,-0.710,-0.037,0.002,-0.177,0.270,0.110,0.141,-0.057,0.272,0.313,0.928
bad,-0.180,-0.404,-0.165,-0.607,-0.397,0.127,-0.053,0.380,-0.510,0.466,-0.308,0.794,-0.858,-0.251,1.045,0.186,0.137,0.093,-0.224,-0.136,-0.195,0.058,0.561,0.248,0.627,-1.844,-1.257,0.645,1.279,-0.295,3.049,0.621,0.904,-0.030,-0.131,0.305,-0.070,-0.129,0.723,-0.798,-0.703,0.038,0.272,0.357,0.265,0.130,-0.014,0.337,1.000,0.720
strong,-0.285,0.158,0.045,0.074,0.626,0.327,0.012,0.055,-0.231,0.670,0.305,-0.281,-0.143,-0.130,-0.739,-0.026,0.275,-0.416,-0.404,-0.867,-0.633,-0.059,-0.443,-0.794,0.280,-1.493,-0.155,0.187,0.128,0.846,3.837,0.456,0.760,-0.545,-0.323,-0.591,-0.680,-0.203,-0.504,-0.724,-0.158,0.323,-0.367,-0.386,0.593,0.196,-0.318,0.533,-0.158,0.235
weak,-0.262,-1.110,0.503,-0.431,0.375,-0.305,0.367,0.259,-0.170,0.542,0.639,0.113,-0.392,0.315,-0.429,0.500,-0.238,-0.793,0.345,-0.479,-0.519,-0.507,0.058,-0.318,-0.080,-1.029,-0.151,0.509,0.607,1.305,3.257,0.118,1.506,-0.366,-0.177,-0.209,-0.595,-0.026,-0.296,-1.139,-0.530,0.067,0.095,0.050,0.513,-0.112,-0.007,0.238,0.689,0.139
walked,-0.109,0.048,0.213,-0.393,1.357,-0.253,-1.587,0.978,-0.356,-0.607,-0.651,-0.506,-0.859,0.774,0.218,-0.696,-0.064,-0.271,-0.253,-0.851,-0.313,0.893,-0.093,-0.068,0.339,-1.166,1.136,0.849,0.295,-1.357,1.858,0.299,0.132,0.647,-0.173,-0.137,0.416,0.278,0.351,0.791,-0.644,0.458,-0.611,0.363,0.141,-0.779,-0.566,-1.221,-0.617,-0.274
walking,0.279,0.707,-0.307,-0.540,0.631,0.005,-0.889,-0.159,0.539,-0.456,-0.591,-0.525,-0.519,0.477,0.249,-0.288,0.214,0.266,-0.320,-0.807,-0.240,1.004,-0.072,0.567,1.065,-0.908,0.152,0.868,0.889,-0.919,2.337,0.445,-0.008,0.066,-0.169,0.273,0.305,0.418,-0.312,0.669,-0.499,-0.218,-0.348,0.810,0.429,-0.778,0.222,-1.417,0.091,-0.016
swam,-0.353,0.370,0.473,0.014,-0.165,-0.527,-0.740,1.206,1.115,-0.468,0.179,-0.592,0.253,0.434,0.670,-0.286,0.731,0.318,-1.583,-0.357,-0.123,1.321,0.900,0.122,1.492,-0.541,1.226,0.339,-0.330,-0.355,-0.096,0.050,0.125,-0.023,-0.354,-0.432,0.037,0.714,-0.016,-0.460,-0.381,-0.654,1.237,0.778,0.064,-1.438,0.242,-1.571,-0.106,-0.827
swimming,-0.924,1.525,-0.984,0.878,-0.785,-0.377,-0.423,0.205,0.939,-0.751,0.502,-0.325,0.043,0.700,1.023,0.187,0.855,1.113,-1.342,-0.998,-0.053,0.687,0.036,0.408,0.513,-0.486,0.422,0.264,-0.453,0.053,1.961,0.561,-0.067,-0.180,-0.420,0.721,0.494,0.924,-0.072,-0.422,-0.439,-0.898,0.954,1.172,0.631,-0.610,0.131,-1.347,0.213,-0.643
ran,-0.669,-0.150,0.764,-0.240,-0.420,0.143,-1.593,-0.021,0.012,-0.538,-0.732,-0.344,-1.018,0.046,0.040,-0.692,-0.278,0.359,-0.918,-0.126,0.455,0.394,0.418,0.115,0.410,-1.619,0.506,0.179,0.240,-0.221,2.144,0.016,-0.081,0.110,-0.241,0.011,-0.003,0.609,-0.082,0.094,-0.019,0.091,-0.521,0.136,-0.698,-0.252,-0.439,-1.044,0.301,-0.304
running,-0.438,-0.091,0.863,0.058,-0.508,0.246,-1.031,-0.426,0.230,-0.337,-0.725,-0.282,-1.074,0.116,0.095,-0.267,0.208,0.482,-0.490,-0.497,-0.136,-0.056,0.226,0.284,0.198,-1.840,0.694,0.296,0.478,-0.282,2.992,0.449,-0.218,-0.231,0.076,0.330,-0.160,0.518,-0.361,-0.151,-0.497,0.435,-0.749,0.501,-0.511,-0.162,0.039,-0.593,-0.004,0.061
